solid OpenSCAD_Model
  facet normal 0 0 -1
    outer loop
      vertex 2.3431457505076194 2.3431457505076194 0
      vertex 3.5554381358431826 1.3482431015796381 0
      vertex 2.924853726690836 1.815916373098104 0
    endloop
  endfacet
  facet normal 0 0 -1
    outer loop
      vertex 2.3431457505076194 2.3431457505076194 0
      vertex 1.3482431015796381 3.5554381358431826 0
      vertex 0.9446298852131596 4.228826105392018 0
    endloop
  endfacet
  facet normal 0 0 -1
    outer loop
      vertex 3.5554381358431826 1.3482431015796381 0
      vertex 0.9446298852131596 4.228826105392018 0
      vertex 0 8 0
    endloop
  endfacet
  facet normal 0 0 -1
    outer loop
      vertex 2.3431457505076194 2.3431457505076194 0
      vertex 0.9446298852131596 4.228826105392018 0
      vertex 3.5554381358431826 1.3482431015796381 0
    endloop
  endfacet
  facet normal 0 0 -1
    outer loop
      vertex 2.3431457505076194 2.3431457505076194 0
      vertex 1.815916373098104 2.924853726690836 0
      vertex 1.3482431015796381 3.5554381358431826 0
    endloop
  endfacet
  facet normal 0 0 1
    outer loop
      vertex 3.862426863345418 3.307958186549052 2
      vertex 3.074121550789819 4.177719067921592 2
      vertex 3.5715728752538096 3.5715728752538096 2
    endloop
  endfacet
  facet normal 0 0 1
    outer loop
      vertex 3.074121550789819 4.177719067921592 2
      vertex 3.307958186549052 3.862426863345418 2
      vertex 3.5715728752538096 3.5715728752538096 2
    endloop
  endfacet
  facet normal 0 0 1
    outer loop
      vertex 3.074121550789819 4.177719067921592 2
      vertex 2.5722386570711646 5.23886129098215 2
      vertex 2.8723149426065797 4.514413052696009 2
    endloop
  endfacet
  facet normal 0 0 1
    outer loop
      vertex 3.074121550789819 4.177719067921592 2
      vertex 4.86926627053964 2.704481869954853 2
      vertex 2.4 6.4 2
    endloop
  endfacet
  facet normal 0 0 -1
    outer loop
      vertex 3.5554381358431826 1.3482431015796381 0
      vertex 5.677722581964302 0.3444773141423294 0
      vertex 4.228826105392018 0.9446298852131596 0
    endloop
  endfacet
  facet normal 0 0 -1
    outer loop
      vertex 4.228826105392018 0.9446298852131596 0
      vertex 5.677722581964302 0.3444773141423294 0
      vertex 4.938532541079281 0.6089637399097061 0
    endloop
  endfacet
  facet normal 0 0 -1
    outer loop
      vertex 3.5554381358431826 1.3482431015796381 0
      vertex 8 0 0
      vertex 5.677722581964302 0.3444773141423294 0
    endloop
  endfacet
  facet normal 0 0 -1
    outer loop
      vertex 5.677722581964302 0.3444773141423294 0
      vertex 7.215862877363515 0.03852218662242457 0
      vertex 6.4392774238709745 0.15371775677415656 0
    endloop
  endfacet
  facet normal 0 0 -1
    outer loop
      vertex 5.677722581964302 0.3444773141423294 0
      vertex 8 0 0
      vertex 7.215862877363515 0.03852218662242457 0
    endloop
  endfacet
  facet normal 0 0 1
    outer loop
      vertex 3.862426863345418 3.307958186549052 2
      vertex 4.86926627053964 2.704481869954853 2
      vertex 3.074121550789819 4.177719067921592 2
    endloop
  endfacet
  facet normal 0 0 1
    outer loop
      vertex 3.862426863345418 3.307958186549052 2
      vertex 4.177719067921592 3.074121550789819 2
      vertex 4.514413052696009 2.8723149426065797 2
    endloop
  endfacet
  facet normal 0 0 1
    outer loop
      vertex 3.862426863345418 3.307958186549052 2
      vertex 4.514413052696009 2.8723149426065797 2
      vertex 4.86926627053964 2.704481869954853 2
    endloop
  endfacet
  facet normal 0 0 1
    outer loop
      vertex 4.86926627053964 2.704481869954853 2
      vertex 5.23886129098215 2.5722386570711646 2
      vertex 5.619638711935487 2.476858878387078 2
    endloop
  endfacet
  facet normal 0 0 1
    outer loop
      vertex 4.86926627053964 2.704481869954853 2
      vertex 5.619638711935487 2.476858878387078 2
      vertex 6.4 2.4 2
    endloop
  endfacet
  facet normal 0 0 1
    outer loop
      vertex 5.619638711935487 2.476858878387078 2
      vertex 6.007931438681757 2.419261093311212 2
      vertex 6.4 2.4 2
    endloop
  endfacet
  facet normal 0 0 -1
    outer loop
      vertex 0.9446298852131596 4.228826105392018 0
      vertex 0.6089637399097061 4.938532541079281 0
      vertex 0.15371775677415656 6.4392774238709745 0
    endloop
  endfacet
  facet normal 0 0 -1
    outer loop
      vertex 0.6089637399097061 4.938532541079281 0
      vertex 0.3444773141423294 5.677722581964302 0
      vertex 0.15371775677415656 6.4392774238709745 0
    endloop
  endfacet
  facet normal 0 0 -1
    outer loop
      vertex 0.9446298852131596 4.228826105392018 0
      vertex 0.15371775677415656 6.4392774238709745 0
      vertex 0 8 0
    endloop
  endfacet
  facet normal 0 0 1
    outer loop
      vertex 3.074121550789819 4.177719067921592 2
      vertex 2.4 6.4 2
      vertex 2.5722386570711646 5.23886129098215 2
    endloop
  endfacet
  facet normal 0 0 1
    outer loop
      vertex 2.5722386570711646 5.23886129098215 2
      vertex 2.419261093311212 6.007931438681757 2
      vertex 2.476858878387078 5.619638711935487 2
    endloop
  endfacet
  facet normal 0 0 1
    outer loop
      vertex 2.8723149426065797 4.514413052696009 2
      vertex 2.5722386570711646 5.23886129098215 2
      vertex 2.704481869954853 4.86926627053964 2
    endloop
  endfacet
  facet normal 0 0 1
    outer loop
      vertex 2.5722386570711646 5.23886129098215 2
      vertex 2.4 6.4 2
      vertex 2.419261093311212 6.007931438681757 2
    endloop
  endfacet
  facet normal 0 0 -1
    outer loop
      vertex 0.15371775677415656 6.4392774238709745 0
      vertex 0.03852218662242457 7.215862877363515 0
      vertex 0 8 0
    endloop
  endfacet
  facet normal 0 0 1
    outer loop
      vertex 4.86926627053964 2.704481869954853 2
      vertex 2.4 83.2 2
      vertex 2.4 6.4 2
    endloop
  endfacet
  facet normal -0.671558954847018 -0.7409511253549594 0
    outer loop
      vertex 2.3431457505076194 2.3431457505076194 0
      vertex 2.924853726690836 1.815916373098104 0
      vertex 2.3431457505076194 2.3431457505076194 70
    endloop
  endfacet
  facet normal -0.595699304492433 -0.8032075314806452 0
    outer loop
      vertex 3.5554381358431826 1.3482431015796381 0
      vertex 3.5554381358431826 1.3482431015796381 70
      vertex 2.924853726690836 1.815916373098104 0
    endloop
  endfacet
  facet normal -0.8032075314806452 -0.595699304492433 -2.7931003864517665e-19
    outer loop
      vertex 1.3482431015796381 3.5554381358431826 0
      vertex 1.815916373098104 2.924853726690836 0
      vertex 1.815916373098104 2.924853726690836 70
    endloop
  endfacet
  facet normal -0.9039892931234433 -0.42755509343028186 0
    outer loop
      vertex 0.9446298852131596 4.228826105392018 0
      vertex 0.9446298852131596 4.228826105392018 70
      vertex 0.6089637399097061 4.938532541079281 0
    endloop
  endfacet
  facet normal -0.8577286100002717 -0.5141027441932222 3.9149202151369722e-19
    outer loop
      vertex 1.3482431015796381 3.5554381358431826 0
      vertex 0.9446298852131596 4.228826105392018 70
      vertex 0.9446298852131596 4.228826105392018 0
    endloop
  endfacet
  facet normal -0.7409511253549594 -0.671558954847018 0
    outer loop
      vertex 2.3431457505076194 2.3431457505076194 0
      vertex 2.3431457505076194 2.3431457505076194 70
      vertex 1.815916373098104 2.924853726690836 0
    endloop
  endfacet
  facet normal -0.5141027441932222 -0.8577286100002717 3.9149202151369722e-19
    outer loop
      vertex 3.5554381358431826 1.3482431015796381 0
      vertex 4.228826105392018 0.9446298852131596 0
      vertex 4.228826105392018 0.9446298852131596 70
    endloop
  endfacet
  facet normal -0.33688985339221933 -0.941544065183021 0
    outer loop
      vertex 4.938532541079281 0.6089637399097061 0
      vertex 5.677722581964302 0.3444773141423294 0
      vertex 4.938532541079281 0.6089637399097061 70
    endloop
  endfacet
  facet normal -0.42755509343028186 -0.9039892931234433 1.3019062498910823e-19
    outer loop
      vertex 4.228826105392018 0.9446298852131596 0
      vertex 4.938532541079281 0.6089637399097061 0
      vertex 4.938532541079281 0.6089637399097061 70
    endloop
  endfacet
  facet normal -0.24298017990326415 -0.9700312531945439 -1.1324969882185566e-19
    outer loop
      vertex 5.677722581964302 0.3444773141423294 0
      vertex 6.4392774238709745 0.15371775677415656 0
      vertex 6.4392774238709745 0.15371775677415656 70
    endloop
  endfacet
  facet normal -0.14673047445536255 -0.9891765099647809 0
    outer loop
      vertex 6.4392774238709745 0.15371775677415656 0
      vertex 7.215862877363515 0.03852218662242457 0
      vertex 6.4392774238709745 0.15371775677415656 70
    endloop
  endfacet
  facet normal 0.7409511253549594 0.671558954847018 -2.426595820772121e-19
    outer loop
      vertex 3.5715728752538096 3.5715728752538096 2
      vertex 3.307958186549052 3.862426863345418 2
      vertex 3.307958186549052 3.862426863345418 70
    endloop
  endfacet
  facet normal 0.8032075314806456 0.5956993044924324 0
    outer loop
      vertex 3.074121550789819 4.177719067921592 2
      vertex 3.074121550789819 4.177719067921592 70
      vertex 3.307958186549052 3.862426863345418 2
    endloop
  endfacet
  facet normal 0.8577286100002711 0.5141027441932233 1.5763499314514956e-19
    outer loop
      vertex 3.074121550789819 4.177719067921592 2
      vertex 2.8723149426065797 4.514413052696009 2
      vertex 2.8723149426065797 4.514413052696009 70
    endloop
  endfacet
  facet normal 0.671558954847018 0.7409511253549594 -2.426595820772121e-19
    outer loop
      vertex 3.862426863345418 3.307958186549052 2
      vertex 3.5715728752538096 3.5715728752538096 2
      vertex 3.5715728752538096 3.5715728752538096 70
    endloop
  endfacet
  facet normal 0.5956993044924324 0.8032075314806456 0
    outer loop
      vertex 3.862426863345418 3.307958186549052 2
      vertex 3.862426863345418 3.307958186549052 70
      vertex 4.177719067921592 3.074121550789819 2
    endloop
  endfacet
  facet normal 0.5141027441932233 0.8577286100002711 1.5763499314514956e-19
    outer loop
      vertex 4.514413052696009 2.8723149426065797 2
      vertex 4.177719067921592 3.074121550789819 2
      vertex 4.177719067921592 3.074121550789819 70
    endloop
  endfacet
  facet normal 0.4275550934302818 0.9039892931234434 0
    outer loop
      vertex 4.514413052696009 2.8723149426065797 2
      vertex 4.514413052696009 2.8723149426065797 70
      vertex 4.86926627053964 2.704481869954853 2
    endloop
  endfacet
  facet normal 0.24298017990326415 0.970031253194544 0
    outer loop
      vertex 5.23886129098215 2.5722386570711646 2
      vertex 5.23886129098215 2.5722386570711646 70
      vertex 5.619638711935487 2.476858878387078 2
    endloop
  endfacet
  facet normal 0.33688985339221933 0.941544065183021 0
    outer loop
      vertex 4.86926627053964 2.704481869954853 2
      vertex 4.86926627053964 2.704481869954853 70
      vertex 5.23886129098215 2.5722386570711646 2
    endloop
  endfacet
  facet normal 0.14673047445536255 0.9891765099647808 0
    outer loop
      vertex 5.619638711935487 2.476858878387078 2
      vertex 5.619638711935487 2.476858878387078 70
      vertex 6.007931438681757 2.419261093311212 2
    endloop
  endfacet
  facet normal 0.04906767432741744 0.9987954562051723 0
    outer loop
      vertex 6.007931438681757 2.419261093311212 2
      vertex 6.007931438681757 2.419261093311212 70
      vertex 6.4 2.4 2
    endloop
  endfacet
  facet normal -0.941544065183021 -0.33688985339221933 0
    outer loop
      vertex 0.6089637399097061 4.938532541079281 0
      vertex 0.6089637399097061 4.938532541079281 70
      vertex 0.3444773141423294 5.677722581964302 0
    endloop
  endfacet
  facet normal -0.9700312531945439 -0.24298017990326415 -1.1324969882185566e-19
    outer loop
      vertex 0.3444773141423294 5.677722581964302 0
      vertex 0.15371775677415656 6.4392774238709745 70
      vertex 0.15371775677415656 6.4392774238709745 0
    endloop
  endfacet
  facet normal -0.9891765099647809 -0.14673047445536255 0
    outer loop
      vertex 0.15371775677415656 6.4392774238709745 0
      vertex 0.15371775677415656 6.4392774238709745 70
      vertex 0.03852218662242457 7.215862877363515 0
    endloop
  endfacet
  facet normal -0.9987954562051725 -0.049067674327417564 1.2150262827185122e-20
    outer loop
      vertex 0.03852218662242457 7.215862877363515 0
      vertex 0 8 70
      vertex 0 8 0
    endloop
  endfacet
  facet normal 0.941544065183021 0.33688985339221933 1.0423340800957504e-19
    outer loop
      vertex 2.704481869954853 4.86926627053964 2
      vertex 2.5722386570711646 5.23886129098215 2
      vertex 2.5722386570711646 5.23886129098215 70
    endloop
  endfacet
  facet normal 0.970031253194544 0.24298017990326415 -5.829028615830806e-20
    outer loop
      vertex 2.5722386570711646 5.23886129098215 2
      vertex 2.476858878387078 5.619638711935487 2
      vertex 2.476858878387078 5.619638711935487 70
    endloop
  endfacet
  facet normal 0.9039892931234434 0.4275550934302818 6.700988050909984e-20
    outer loop
      vertex 2.8723149426065797 4.514413052696009 2
      vertex 2.704481869954853 4.86926627053964 2
      vertex 2.704481869954853 4.86926627053964 70
    endloop
  endfacet
  facet normal 0.9891765099647808 0.14673047445536255 2.0622953763562553e-20
    outer loop
      vertex 2.476858878387078 5.619638711935487 2
      vertex 2.419261093311212 6.007931438681757 2
      vertex 2.419261093311212 6.007931438681757 70
    endloop
  endfacet
  facet normal 0.9987954562051723 0.04906767432741744 1.5243022606592508e-20
    outer loop
      vertex 2.419261093311212 6.007931438681757 2
      vertex 2.4 6.4 2
      vertex 2.4 6.4 70
    endloop
  endfacet
  facet normal -0.049067674327417564 -0.9987954562051725 0
    outer loop
      vertex 7.215862877363515 0.03852218662242457 0
      vertex 8 0 0
      vertex 7.215862877363515 0.03852218662242457 70
    endloop
  endfacet
  facet normal 0 0 -1
    outer loop
      vertex 3.5554381358431826 1.3482431015796381 0
      vertex 0 8 0
      vertex 0 142 0
    endloop
  endfacet
  facet normal 0 0 1
    outer loop
      vertex 4.86926627053964 2.704481869954853 2
      vertex 6.4 87.2 2
      vertex 2.4 83.2 2
    endloop
  endfacet
  facet normal 1 0 0
    outer loop
      vertex 2.4 6.4 2
      vertex 2.4 83.2 2
      vertex 2.4 83.2 70
    endloop
  endfacet
  facet normal 0 0 1
    outer loop
      vertex 4.86926627053964 2.704481869954853 2
      vertex 6.4 2.4 2
      vertex 189.93073372946037 2.704481869954853 2
    endloop
  endfacet
  facet normal 0 0 -1
    outer loop
      vertex 3.5554381358431826 1.3482431015796381 0
      vertex 226.4445618641568 1.3482431015796381 0
      vertex 8 0 0
    endloop
  endfacet
  facet normal 0 0 1
    outer loop
      vertex 4.86926627053964 2.704481869954853 2
      vertex 192.4 6.4 2
      vertex 6.4 87.2 2
    endloop
  endfacet
  facet normal 0 1 0
    outer loop
      vertex 6.4 2.4 2
      vertex 6.4 2.4 70
      vertex 188.4 2.4 2
    endloop
  endfacet
  facet normal 0 0 -1
    outer loop
      vertex 3.5554381358431826 1.3482431015796381 0
      vertex 8 150 0
      vertex 230 8 0
    endloop
  endfacet
  facet normal -0.595699304492433 -0.8032075314806452 0
    outer loop
      vertex 2.924853726690836 1.815916373098104 0
      vertex 3.5554381358431826 1.3482431015796381 70
      vertex 2.924853726690836 1.815916373098104 70
    endloop
  endfacet
  facet normal -0.671558954847018 -0.7409511253549594 0
    outer loop
      vertex 2.924853726690836 1.815916373098104 0
      vertex 2.924853726690836 1.815916373098104 70
      vertex 2.3431457505076194 2.3431457505076194 70
    endloop
  endfacet
  facet normal -0.8032075314806452 -0.595699304492433 0
    outer loop
      vertex 1.3482431015796381 3.5554381358431826 0
      vertex 1.815916373098104 2.924853726690836 70
      vertex 1.3482431015796381 3.5554381358431826 70
    endloop
  endfacet
  facet normal -0.8577286100002717 -0.5141027441932222 0
    outer loop
      vertex 1.3482431015796381 3.5554381358431826 0
      vertex 1.3482431015796381 3.5554381358431826 70
      vertex 0.9446298852131596 4.228826105392018 70
    endloop
  endfacet
  facet normal -0.7409511253549594 -0.671558954847018 0
    outer loop
      vertex 1.815916373098104 2.924853726690836 0
      vertex 2.3431457505076194 2.3431457505076194 70
      vertex 1.815916373098104 2.924853726690836 70
    endloop
  endfacet
  facet normal 0.7409511253549594 0.671558954847018 0
    outer loop
      vertex 3.5715728752538096 3.5715728752538096 2
      vertex 3.307958186549052 3.862426863345418 70
      vertex 3.5715728752538096 3.5715728752538096 70
    endloop
  endfacet
  facet normal 0.8032075314806456 0.5956993044924324 0
    outer loop
      vertex 3.307958186549052 3.862426863345418 2
      vertex 3.074121550789819 4.177719067921592 70
      vertex 3.307958186549052 3.862426863345418 70
    endloop
  endfacet
  facet normal 0.8577286100002711 0.5141027441932233 0
    outer loop
      vertex 3.074121550789819 4.177719067921592 2
      vertex 2.8723149426065797 4.514413052696009 70
      vertex 3.074121550789819 4.177719067921592 70
    endloop
  endfacet
  facet normal 0.9039892931234434 0.4275550934302818 0
    outer loop
      vertex 2.8723149426065797 4.514413052696009 2
      vertex 2.704481869954853 4.86926627053964 70
      vertex 2.8723149426065797 4.514413052696009 70
    endloop
  endfacet
  facet normal -0.42755509343028186 -0.9039892931234433 0
    outer loop
      vertex 4.228826105392018 0.9446298852131596 0
      vertex 4.938532541079281 0.6089637399097061 70
      vertex 4.228826105392018 0.9446298852131596 70
    endloop
  endfacet
  facet normal -0.5141027441932222 -0.8577286100002717 0
    outer loop
      vertex 3.5554381358431826 1.3482431015796381 0
      vertex 4.228826105392018 0.9446298852131596 70
      vertex 3.5554381358431826 1.3482431015796381 70
    endloop
  endfacet
  facet normal -0.33688985339221933 -0.941544065183021 0
    outer loop
      vertex 5.677722581964302 0.3444773141423294 0
      vertex 5.677722581964302 0.3444773141423294 70
      vertex 4.938532541079281 0.6089637399097061 70
    endloop
  endfacet
  facet normal -0.24298017990326415 -0.9700312531945439 0
    outer loop
      vertex 5.677722581964302 0.3444773141423294 0
      vertex 6.4392774238709745 0.15371775677415656 70
      vertex 5.677722581964302 0.3444773141423294 70
    endloop
  endfacet
  facet normal -0.14673047445536255 -0.9891765099647809 0
    outer loop
      vertex 7.215862877363515 0.03852218662242457 0
      vertex 7.215862877363515 0.03852218662242457 70
      vertex 6.4392774238709745 0.15371775677415656 70
    endloop
  endfacet
  facet normal 0.671558954847018 0.7409511253549594 0
    outer loop
      vertex 3.862426863345418 3.307958186549052 2
      vertex 3.5715728752538096 3.5715728752538096 70
      vertex 3.862426863345418 3.307958186549052 70
    endloop
  endfacet
  facet normal 0.5956993044924324 0.8032075314806456 0
    outer loop
      vertex 4.177719067921592 3.074121550789819 2
      vertex 3.862426863345418 3.307958186549052 70
      vertex 4.177719067921592 3.074121550789819 70
    endloop
  endfacet
  facet normal 0.5141027441932233 0.8577286100002711 0
    outer loop
      vertex 4.514413052696009 2.8723149426065797 2
      vertex 4.177719067921592 3.074121550789819 70
      vertex 4.514413052696009 2.8723149426065797 70
    endloop
  endfacet
  facet normal 0.4275550934302818 0.9039892931234434 0
    outer loop
      vertex 4.86926627053964 2.704481869954853 2
      vertex 4.514413052696009 2.8723149426065797 70
      vertex 4.86926627053964 2.704481869954853 70
    endloop
  endfacet
  facet normal 0.33688985339221933 0.941544065183021 0
    outer loop
      vertex 5.23886129098215 2.5722386570711646 2
      vertex 4.86926627053964 2.704481869954853 70
      vertex 5.23886129098215 2.5722386570711646 70
    endloop
  endfacet
  facet normal 0.24298017990326415 0.970031253194544 0
    outer loop
      vertex 5.619638711935487 2.476858878387078 2
      vertex 5.23886129098215 2.5722386570711646 70
      vertex 5.619638711935487 2.476858878387078 70
    endloop
  endfacet
  facet normal 0.14673047445536255 0.9891765099647808 0
    outer loop
      vertex 6.007931438681757 2.419261093311212 2
      vertex 5.619638711935487 2.476858878387078 70
      vertex 6.007931438681757 2.419261093311212 70
    endloop
  endfacet
  facet normal 0.04906767432741744 0.9987954562051723 0
    outer loop
      vertex 6.4 2.4 2
      vertex 6.007931438681757 2.419261093311212 70
      vertex 6.4 2.4 70
    endloop
  endfacet
  facet normal -0.9039892931234433 -0.42755509343028186 0
    outer loop
      vertex 0.6089637399097061 4.938532541079281 0
      vertex 0.9446298852131596 4.228826105392018 70
      vertex 0.6089637399097061 4.938532541079281 70
    endloop
  endfacet
  facet normal -0.941544065183021 -0.33688985339221933 0
    outer loop
      vertex 0.3444773141423294 5.677722581964302 0
      vertex 0.6089637399097061 4.938532541079281 70
      vertex 0.3444773141423294 5.677722581964302 70
    endloop
  endfacet
  facet normal -0.9700312531945439 -0.24298017990326415 0
    outer loop
      vertex 0.3444773141423294 5.677722581964302 0
      vertex 0.3444773141423294 5.677722581964302 70
      vertex 0.15371775677415656 6.4392774238709745 70
    endloop
  endfacet
  facet normal -0.9891765099647809 -0.14673047445536255 0
    outer loop
      vertex 0.03852218662242457 7.215862877363515 0
      vertex 0.15371775677415656 6.4392774238709745 70
      vertex 0.03852218662242457 7.215862877363515 70
    endloop
  endfacet
  facet normal 0.941544065183021 0.33688985339221933 0
    outer loop
      vertex 2.704481869954853 4.86926627053964 2
      vertex 2.5722386570711646 5.23886129098215 70
      vertex 2.704481869954853 4.86926627053964 70
    endloop
  endfacet
  facet normal 0.970031253194544 0.24298017990326415 0
    outer loop
      vertex 2.5722386570711646 5.23886129098215 2
      vertex 2.476858878387078 5.619638711935487 70
      vertex 2.5722386570711646 5.23886129098215 70
    endloop
  endfacet
  facet normal 0.9891765099647808 0.14673047445536255 0
    outer loop
      vertex 2.476858878387078 5.619638711935487 2
      vertex 2.419261093311212 6.007931438681757 70
      vertex 2.476858878387078 5.619638711935487 70
    endloop
  endfacet
  facet normal 0.9987954562051723 0.04906767432741744 0
    outer loop
      vertex 2.419261093311212 6.007931438681757 2
      vertex 2.4 6.4 70
      vertex 2.419261093311212 6.007931438681757 70
    endloop
  endfacet
  facet normal -0.9987954562051725 -0.049067674327417564 0
    outer loop
      vertex 0.03852218662242457 7.215862877363515 0
      vertex 0.03852218662242457 7.215862877363515 70
      vertex 0 8 70
    endloop
  endfacet
  facet normal -0.049067674327417564 -0.9987954562051725 0
    outer loop
      vertex 8 0 0
      vertex 8 0 70
      vertex 7.215862877363515 0.03852218662242457 70
    endloop
  endfacet
  facet normal 1 0 0
    outer loop
      vertex 2.4 6.4 2
      vertex 2.4 83.2 70
      vertex 2.4 6.4 70
    endloop
  endfacet
  facet normal 0 0 1
    outer loop
      vertex 2.3431457505076194 2.3431457505076194 70
      vertex 2.924853726690836 1.815916373098104 70
      vertex 3.5554381358431826 1.3482431015796381 70
    endloop
  endfacet
  facet normal 0 0 1
    outer loop
      vertex 2.3431457505076194 2.3431457505076194 70
      vertex 0.9446298852131596 4.228826105392018 70
      vertex 1.815916373098104 2.924853726690836 70
    endloop
  endfacet
  facet normal 0 0 1
    outer loop
      vertex 1.3482431015796381 3.5554381358431826 70
      vertex 1.815916373098104 2.924853726690836 70
      vertex 0.9446298852131596 4.228826105392018 70
    endloop
  endfacet
  facet normal 0 0 1
    outer loop
      vertex 3.5554381358431826 1.3482431015796381 70
      vertex 0 8 70
      vertex 0.9446298852131596 4.228826105392018 70
    endloop
  endfacet
  facet normal 0 0 1
    outer loop
      vertex 2.3431457505076194 2.3431457505076194 70
      vertex 3.5554381358431826 1.3482431015796381 70
      vertex 0.9446298852131596 4.228826105392018 70
    endloop
  endfacet
  facet normal 0 0 1
    outer loop
      vertex 3.5554381358431826 1.3482431015796381 70
      vertex 3.5715728752538096 3.5715728752538096 70
      vertex 3.307958186549052 3.862426863345418 70
    endloop
  endfacet
  facet normal 0 0 1
    outer loop
      vertex 3.5554381358431826 1.3482431015796381 70
      vertex 3.307958186549052 3.862426863345418 70
      vertex 3.074121550789819 4.177719067921592 70
    endloop
  endfacet
  facet normal 0 0 1
    outer loop
      vertex 3.5554381358431826 1.3482431015796381 70
      vertex 3.074121550789819 4.177719067921592 70
      vertex 0 8 70
    endloop
  endfacet
  facet normal 0 0 1
    outer loop
      vertex 3.5554381358431826 1.3482431015796381 70
      vertex 4.228826105392018 0.9446298852131596 70
      vertex 5.677722581964302 0.3444773141423294 70
    endloop
  endfacet
  facet normal 0 0 1
    outer loop
      vertex 4.228826105392018 0.9446298852131596 70
      vertex 4.938532541079281 0.6089637399097061 70
      vertex 5.677722581964302 0.3444773141423294 70
    endloop
  endfacet
  facet normal 0 0 1
    outer loop
      vertex 3.5554381358431826 1.3482431015796381 70
      vertex 4.86926627053964 2.704481869954853 70
      vertex 4.514413052696009 2.8723149426065797 70
    endloop
  endfacet
  facet normal 0 0 1
    outer loop
      vertex 3.5554381358431826 1.3482431015796381 70
      vertex 5.23886129098215 2.5722386570711646 70
      vertex 4.86926627053964 2.704481869954853 70
    endloop
  endfacet
  facet normal 0 0 1
    outer loop
      vertex 3.5554381358431826 1.3482431015796381 70
      vertex 5.619638711935487 2.476858878387078 70
      vertex 5.23886129098215 2.5722386570711646 70
    endloop
  endfacet
  facet normal 0 0 1
    outer loop
      vertex 3.5554381358431826 1.3482431015796381 70
      vertex 6.007931438681757 2.419261093311212 70
      vertex 5.619638711935487 2.476858878387078 70
    endloop
  endfacet
  facet normal 0 0 1
    outer loop
      vertex 3.5554381358431826 1.3482431015796381 70
      vertex 6.4 2.4 70
      vertex 6.007931438681757 2.419261093311212 70
    endloop
  endfacet
  facet normal 0 0 1
    outer loop
      vertex 3.5554381358431826 1.3482431015796381 70
      vertex 5.677722581964302 0.3444773141423294 70
      vertex 8 0 70
    endloop
  endfacet
  facet normal 0 0 1
    outer loop
      vertex 5.677722581964302 0.3444773141423294 70
      vertex 6.4392774238709745 0.15371775677415656 70
      vertex 7.215862877363515 0.03852218662242457 70
    endloop
  endfacet
  facet normal 0 0 1
    outer loop
      vertex 5.677722581964302 0.3444773141423294 70
      vertex 7.215862877363515 0.03852218662242457 70
      vertex 8 0 70
    endloop
  endfacet
  facet normal 0 0 1
    outer loop
      vertex 3.5554381358431826 1.3482431015796381 70
      vertex 4.177719067921592 3.074121550789819 70
      vertex 3.862426863345418 3.307958186549052 70
    endloop
  endfacet
  facet normal 0 0 1
    outer loop
      vertex 3.5554381358431826 1.3482431015796381 70
      vertex 3.862426863345418 3.307958186549052 70
      vertex 3.5715728752538096 3.5715728752538096 70
    endloop
  endfacet
  facet normal 0 0 1
    outer loop
      vertex 3.5554381358431826 1.3482431015796381 70
      vertex 4.514413052696009 2.8723149426065797 70
      vertex 4.177719067921592 3.074121550789819 70
    endloop
  endfacet
  facet normal 0 0 1
    outer loop
      vertex 0.9446298852131596 4.228826105392018 70
      vertex 0.15371775677415656 6.4392774238709745 70
      vertex 0.6089637399097061 4.938532541079281 70
    endloop
  endfacet
  facet normal 0 0 1
    outer loop
      vertex 0.6089637399097061 4.938532541079281 70
      vertex 0.15371775677415656 6.4392774238709745 70
      vertex 0.3444773141423294 5.677722581964302 70
    endloop
  endfacet
  facet normal 0 0 1
    outer loop
      vertex 0.9446298852131596 4.228826105392018 70
      vertex 0 8 70
      vertex 0.15371775677415656 6.4392774238709745 70
    endloop
  endfacet
  facet normal 0 0 1
    outer loop
      vertex 0 8 70
      vertex 2.704481869954853 4.86926627053964 70
      vertex 2.5722386570711646 5.23886129098215 70
    endloop
  endfacet
  facet normal 0 0 1
    outer loop
      vertex 0 8 70
      vertex 2.5722386570711646 5.23886129098215 70
      vertex 2.476858878387078 5.619638711935487 70
    endloop
  endfacet
  facet normal 0 0 1
    outer loop
      vertex 0 8 70
      vertex 2.476858878387078 5.619638711935487 70
      vertex 2.419261093311212 6.007931438681757 70
    endloop
  endfacet
  facet normal 0 0 1
    outer loop
      vertex 0 8 70
      vertex 2.419261093311212 6.007931438681757 70
      vertex 2.4 6.4 70
    endloop
  endfacet
  facet normal 0 0 1
    outer loop
      vertex 0 8 70
      vertex 3.074121550789819 4.177719067921592 70
      vertex 2.8723149426065797 4.514413052696009 70
    endloop
  endfacet
  facet normal 0 0 1
    outer loop
      vertex 0 8 70
      vertex 2.8723149426065797 4.514413052696009 70
      vertex 2.704481869954853 4.86926627053964 70
    endloop
  endfacet
  facet normal 0 0 1
    outer loop
      vertex 0.15371775677415656 6.4392774238709745 70
      vertex 0 8 70
      vertex 0.03852218662242457 7.215862877363515 70
    endloop
  endfacet
  facet normal 0 0 1
    outer loop
      vertex 0 8 70
      vertex 2.4 6.4 70
      vertex 2.4 83.2 70
    endloop
  endfacet
  facet normal -1 0 0
    outer loop
      vertex 0 8 0
      vertex 0 8 70
      vertex 0 142 70
    endloop
  endfacet
  facet normal 0 -1 0
    outer loop
      vertex 8 0 0
      vertex 222 0 70
      vertex 8 0 70
    endloop
  endfacet
  facet normal 0 0 1
    outer loop
      vertex 3.5554381358431826 1.3482431015796381 70
      vertex 226.4445618641568 1.3482431015796381 70
      vertex 6.4 2.4 70
    endloop
  endfacet
  facet normal 0 0 1
    outer loop
      vertex 3.5554381358431826 1.3482431015796381 70
      vertex 8 0 70
      vertex 226.4445618641568 1.3482431015796381 70
    endloop
  endfacet
  facet normal 0 0 1
    outer loop
      vertex 2.4 83.2 2
      vertex 2.476858878387078 83.98036128806451 2
      vertex 2.419261093311212 83.59206856131824 2
    endloop
  endfacet
  facet normal 0 0 1
    outer loop
      vertex 2.4 83.2 2
      vertex 2.704481869954853 84.73073372946037 2
      vertex 2.476858878387078 83.98036128806451 2
    endloop
  endfacet
  facet normal 0 0 1
    outer loop
      vertex 2.476858878387078 83.98036128806451 2
      vertex 2.704481869954853 84.73073372946037 2
      vertex 2.5722386570711646 84.36113870901785 2
    endloop
  endfacet
  facet normal 0 0 1
    outer loop
      vertex 2.4 83.2 2
      vertex 3.5715728752538096 86.02842712474619 2
      vertex 2.704481869954853 84.73073372946037 2
    endloop
  endfacet
  facet normal 0 0 1
    outer loop
      vertex 2.704481869954853 84.73073372946037 2
      vertex 3.074121550789819 85.42228093207841 2
      vertex 2.8723149426065797 85.085586947304 2
    endloop
  endfacet
  facet normal 0 0 1
    outer loop
      vertex 2.704481869954853 84.73073372946037 2
      vertex 3.5715728752538096 86.02842712474619 2
      vertex 3.074121550789819 85.42228093207841 2
    endloop
  endfacet
  facet normal 0 0 1
    outer loop
      vertex 3.074121550789819 85.42228093207841 2
      vertex 3.5715728752538096 86.02842712474619 2
      vertex 3.307958186549052 85.73757313665459 2
    endloop
  endfacet
  facet normal 0 0 1
    outer loop
      vertex 2.4 83.2 2
      vertex 6.4 87.2 2
      vertex 3.5715728752538096 86.02842712474619 2
    endloop
  endfacet
  facet normal 0 0 1
    outer loop
      vertex 3.5715728752538096 86.02842712474619 2
      vertex 4.177719067921592 86.52587844921018 2
      vertex 3.862426863345418 86.29204181345095 2
    endloop
  endfacet
  facet normal 0 0 1
    outer loop
      vertex 3.5715728752538096 86.02842712474619 2
      vertex 4.86926627053964 86.89551813004515 2
      vertex 4.177719067921592 86.52587844921018 2
    endloop
  endfacet
  facet normal 0 0 1
    outer loop
      vertex 4.177719067921592 86.52587844921018 2
      vertex 4.86926627053964 86.89551813004515 2
      vertex 4.514413052696009 86.72768505739343 2
    endloop
  endfacet
  facet normal 0 0 1
    outer loop
      vertex 3.5715728752538096 86.02842712474619 2
      vertex 6.4 87.2 2
      vertex 4.86926627053964 86.89551813004515 2
    endloop
  endfacet
  facet normal 0 0 1
    outer loop
      vertex 4.86926627053964 86.89551813004515 2
      vertex 6.4 87.2 2
      vertex 5.23886129098215 87.02776134292884 2
    endloop
  endfacet
  facet normal 0 0 1
    outer loop
      vertex 5.23886129098215 87.02776134292884 2
      vertex 6.4 87.2 2
      vertex 5.619638711935487 87.12314112161292 2
    endloop
  endfacet
  facet normal 0 0 1
    outer loop
      vertex 5.619638711935487 87.12314112161292 2
      vertex 6.4 87.2 2
      vertex 6.007931438681757 87.18073890668879 2
    endloop
  endfacet
  facet normal 0 0 1
    outer loop
      vertex 3.5715728752538096 90.77157287525381 2
      vertex 3.074121550789819 91.37771906792159 2
      vertex 3.307958186549052 91.06242686334541 2
    endloop
  endfacet
  facet normal 0 0 1
    outer loop
      vertex 3.5715728752538096 90.77157287525381 2
      vertex 4.177719067921592 90.27412155078981 2
      vertex 2.8723149426065797 91.714413052696 2
    endloop
  endfacet
  facet normal 0 0 1
    outer loop
      vertex 3.5715728752538096 90.77157287525381 2
      vertex 2.8723149426065797 91.714413052696 2
      vertex 3.074121550789819 91.37771906792159 2
    endloop
  endfacet
  facet normal 0 0 1
    outer loop
      vertex 2.8723149426065797 91.714413052696 2
      vertex 2.476858878387078 92.81963871193548 2
      vertex 2.704481869954853 92.06926627053963 2
    endloop
  endfacet
  facet normal 0 0 1
    outer loop
      vertex 2.704481869954853 92.06926627053963 2
      vertex 2.476858878387078 92.81963871193548 2
      vertex 2.5722386570711646 92.43886129098215 2
    endloop
  endfacet
  facet normal 0 0 1
    outer loop
      vertex 4.177719067921592 90.27412155078981 2
      vertex 2.4 93.6 2
      vertex 2.8723149426065797 91.714413052696 2
    endloop
  endfacet
  facet normal 0 0 1
    outer loop
      vertex 2.8723149426065797 91.714413052696 2
      vertex 2.4 93.6 2
      vertex 2.476858878387078 92.81963871193548 2
    endloop
  endfacet
  facet normal 0 0 1
    outer loop
      vertex 2.476858878387078 92.81963871193548 2
      vertex 2.4 93.6 2
      vertex 2.419261093311212 93.20793143868175 2
    endloop
  endfacet
  facet normal 0 0 1
    outer loop
      vertex 4.177719067921592 90.27412155078981 2
      vertex 4.514413052696009 90.07231494260657 2
      vertex 4.86926627053964 89.90448186995485 2
    endloop
  endfacet
  facet normal 0 0 1
    outer loop
      vertex 5.619638711935487 89.67685887838707 2
      vertex 4.177719067921592 90.27412155078981 2
      vertex 4.86926627053964 89.90448186995485 2
    endloop
  endfacet
  facet normal 0 0 1
    outer loop
      vertex 5.619638711935487 89.67685887838707 2
      vertex 4.86926627053964 89.90448186995485 2
      vertex 5.23886129098215 89.77223865707116 2
    endloop
  endfacet
  facet normal 0 0 1
    outer loop
      vertex 3.5715728752538096 90.77157287525381 2
      vertex 3.862426863345418 90.50795818654905 2
      vertex 4.177719067921592 90.27412155078981 2
    endloop
  endfacet
  facet normal 0 0 1
    outer loop
      vertex 5.619638711935487 89.67685887838707 2
      vertex 6.007931438681757 89.61926109331121 2
      vertex 6.4 89.6 2
    endloop
  endfacet
  facet normal 0 0 1
    outer loop
      vertex 5.619638711935487 89.67685887838707 2
      vertex 6.4 89.6 2
      vertex 4.177719067921592 90.27412155078981 2
    endloop
  endfacet
  facet normal 0 0 -1
    outer loop
      vertex 3.5554381358431826 1.3482431015796381 0
      vertex 0 142 0
      vertex 8 150 0
    endloop
  endfacet
  facet normal 0 0 1
    outer loop
      vertex 4.177719067921592 90.27412155078981 2
      vertex 4.177719067921592 146.9258784492102 2
      vertex 2.4 93.6 2
    endloop
  endfacet
  facet normal 0 0 1
    outer loop
      vertex 4.177719067921592 90.27412155078981 2
      vertex 6.4 89.6 2
      vertex 88.4 89.6 2
    endloop
  endfacet
  facet normal 0 0 1
    outer loop
      vertex 4.177719067921592 90.27412155078981 2
      vertex 92.4 93.6 2
      vertex 4.177719067921592 146.9258784492102 2
    endloop
  endfacet
  facet normal 0.9987954562051724 -0.04906767432741789 -1.1780381957355744e-20
    outer loop
      vertex 2.4 83.2 2
      vertex 2.419261093311212 83.59206856131824 2
      vertex 2.419261093311212 83.59206856131824 70
    endloop
  endfacet
  facet normal 0.9891765099647809 -0.1467304744553619 4.307425680534154e-20
    outer loop
      vertex 2.419261093311212 83.59206856131824 2
      vertex 2.476858878387078 83.98036128806451 2
      vertex 2.476858878387078 83.98036128806451 70
    endloop
  endfacet
  facet normal 0.970031253194544 -0.24298017990326415 5.829028615830806e-20
    outer loop
      vertex 2.476858878387078 83.98036128806451 2
      vertex 2.5722386570711646 84.36113870901785 2
      vertex 2.5722386570711646 84.36113870901785 70
    endloop
  endfacet
  facet normal 0.9415440651830231 -0.3368898533922136 4.1802482990889744e-21
    outer loop
      vertex 2.5722386570711646 84.36113870901785 2
      vertex 2.704481869954853 84.73073372946037 2
      vertex 2.704481869954853 84.73073372946037 70
    endloop
  endfacet
  facet normal 0.903989293123441 -0.42755509343028714 -3.9922660177938e-20
    outer loop
      vertex 2.704481869954853 84.73073372946037 2
      vertex 2.8723149426065797 85.085586947304 2
      vertex 2.8723149426065797 85.085586947304 70
    endloop
  endfacet
  facet normal 0.8577286100002688 -0.5141027441932273 1.7838019743630716e-20
    outer loop
      vertex 2.8723149426065797 85.085586947304 2
      vertex 3.074121550789819 85.42228093207841 2
      vertex 3.074121550789819 85.42228093207841 70
    endloop
  endfacet
  facet normal 0.8032075314806525 -0.5956993044924233 -1.7459574220640283e-20
    outer loop
      vertex 3.074121550789819 85.42228093207841 2
      vertex 3.307958186549052 85.73757313665459 2
      vertex 3.307958186549052 85.73757313665459 70
    endloop
  endfacet
  facet normal 0.7409511253549478 -0.671558954847031 2.320478142147701e-19
    outer loop
      vertex 3.307958186549052 85.73757313665459 2
      vertex 3.5715728752538096 86.02842712474619 2
      vertex 3.5715728752538096 86.02842712474619 70
    endloop
  endfacet
  facet normal 0.6715589548470254 -0.7409511253549527 8.041287029237502e-20
    outer loop
      vertex 3.5715728752538096 86.02842712474619 2
      vertex 3.862426863345418 86.29204181345095 2
      vertex 3.862426863345418 86.29204181345095 70
    endloop
  endfacet
  facet normal 0.5956993044924309 -0.8032075314806467 -2.18055878137427e-19
    outer loop
      vertex 3.862426863345418 86.29204181345095 2
      vertex 4.177719067921592 86.52587844921018 2
      vertex 4.177719067921592 86.52587844921018 70
    endloop
  endfacet
  facet normal 0.5141027441932383 -0.8577286100002621 -1.910467125995922e-19
    outer loop
      vertex 4.177719067921592 86.52587844921018 2
      vertex 4.514413052696009 86.72768505739343 2
      vertex 4.514413052696009 86.72768505739343 70
    endloop
  endfacet
  facet normal 0.42755509343026243 -0.9039892931234527 -4.692190763920055e-20
    outer loop
      vertex 4.514413052696009 86.72768505739343 2
      vertex 4.86926627053964 86.89551813004515 2
      vertex 4.86926627053964 86.89551813004515 70
    endloop
  endfacet
  facet normal 0.3368898533922314 -0.9415440651830168 1.164609003595318e-19
    outer loop
      vertex 4.86926627053964 86.89551813004515 2
      vertex 5.23886129098215 87.02776134292884 2
      vertex 5.23886129098215 87.02776134292884 70
    endloop
  endfacet
  facet normal 0.24298017990324072 -0.9700312531945497 2.3298266411046373e-20
    outer loop
      vertex 5.23886129098215 87.02776134292884 2
      vertex 5.619638711935487 87.12314112161292 2
      vertex 5.619638711935487 87.12314112161292 70
    endloop
  endfacet
  facet normal 0.1467304744553736 -0.9891765099647791 -1.8713563834314825e-20
    outer loop
      vertex 5.619638711935487 87.12314112161292 2
      vertex 6.007931438681757 87.18073890668879 2
      vertex 6.007931438681757 87.18073890668879 70
    endloop
  endfacet
  facet normal 0.04906767432742421 -0.9987954562051721 -1.1203801830637898e-21
    outer loop
      vertex 6.007931438681757 87.18073890668879 2
      vertex 6.4 87.2 2
      vertex 6.4 87.2 70
    endloop
  endfacet
  facet normal 0.7409511253549478 0.671558954847031 -2.320478142147701e-19
    outer loop
      vertex 3.5715728752538096 90.77157287525381 2
      vertex 3.307958186549052 91.06242686334541 2
      vertex 3.307958186549052 91.06242686334541 70
    endloop
  endfacet
  facet normal 0.8032075314806525 0.5956993044924233 0
    outer loop
      vertex 3.074121550789819 91.37771906792159 2
      vertex 3.074121550789819 91.37771906792159 70
      vertex 3.307958186549052 91.06242686334541 2
    endloop
  endfacet
  facet normal 0.9415440651830231 0.3368898533922136 -4.1802482990889744e-21
    outer loop
      vertex 2.704481869954853 92.06926627053963 2
      vertex 2.5722386570711646 92.43886129098215 2
      vertex 2.5722386570711646 92.43886129098215 70
    endloop
  endfacet
  facet normal 0.8577286100002688 0.5141027441932273 -1.7838019743630716e-20
    outer loop
      vertex 3.074121550789819 91.37771906792159 2
      vertex 2.8723149426065797 91.714413052696 2
      vertex 2.8723149426065797 91.714413052696 70
    endloop
  endfacet
  facet normal 0.903989293123441 0.42755509343028714 3.9922660177938e-20
    outer loop
      vertex 2.8723149426065797 91.714413052696 2
      vertex 2.704481869954853 92.06926627053963 2
      vertex 2.704481869954853 92.06926627053963 70
    endloop
  endfacet
  facet normal 0.970031253194544 0.24298017990326415 -5.829028615830806e-20
    outer loop
      vertex 2.5722386570711646 92.43886129098215 2
      vertex 2.476858878387078 92.81963871193548 2
      vertex 2.476858878387078 92.81963871193548 70
    endloop
  endfacet
  facet normal 0.9891765099647809 0.1467304744553619 -4.307425680534154e-20
    outer loop
      vertex 2.476858878387078 92.81963871193548 2
      vertex 2.419261093311212 93.20793143868175 2
      vertex 2.419261093311212 93.20793143868175 70
    endloop
  endfacet
  facet normal 0.9987954562051724 0.04906767432741789 1.1780381957355744e-20
    outer loop
      vertex 2.419261093311212 93.20793143868175 2
      vertex 2.4 93.6 2
      vertex 2.4 93.6 70
    endloop
  endfacet
  facet normal 0.5141027441932383 0.8577286100002621 0
    outer loop
      vertex 4.177719067921592 90.27412155078981 2
      vertex 4.177719067921592 90.27412155078981 70
      vertex 4.514413052696009 90.07231494260657 2
    endloop
  endfacet
  facet normal 0.42755509343026243 0.9039892931234527 0
    outer loop
      vertex 4.514413052696009 90.07231494260657 2
      vertex 4.514413052696009 90.07231494260657 70
      vertex 4.86926627053964 89.90448186995485 2
    endloop
  endfacet
  facet normal 0.3368898533922314 0.9415440651830168 0
    outer loop
      vertex 4.86926627053964 89.90448186995485 2
      vertex 4.86926627053964 89.90448186995485 70
      vertex 5.23886129098215 89.77223865707116 2
    endloop
  endfacet
  facet normal 0.24298017990327478 0.9700312531945413 2.0332840225627363e-20
    outer loop
      vertex 5.619638711935487 89.67685887838707 2
      vertex 5.23886129098215 89.77223865707116 2
      vertex 5.23886129098215 89.77223865707116 70
    endloop
  endfacet
  facet normal 0.5956993044924309 0.8032075314806467 0
    outer loop
      vertex 3.862426863345418 90.50795818654905 2
      vertex 3.862426863345418 90.50795818654905 70
      vertex 4.177719067921592 90.27412155078981 2
    endloop
  endfacet
  facet normal 0.6715589548470254 0.7409511253549527 0
    outer loop
      vertex 3.5715728752538096 90.77157287525381 2
      vertex 3.5715728752538096 90.77157287525381 70
      vertex 3.862426863345418 90.50795818654905 2
    endloop
  endfacet
  facet normal 0.04906767432742421 0.9987954562051721 0
    outer loop
      vertex 6.007931438681757 89.61926109331121 2
      vertex 6.007931438681757 89.61926109331121 70
      vertex 6.4 89.6 2
    endloop
  endfacet
  facet normal 0.1467304744553382 0.9891765099647846 0
    outer loop
      vertex 5.619638711935487 89.67685887838707 2
      vertex 5.619638711935487 89.67685887838707 70
      vertex 6.007931438681757 89.61926109331121 2
    endloop
  endfacet
  facet normal -1 0 0
    outer loop
      vertex 0 8 0
      vertex 0 142 70
      vertex 0 142 0
    endloop
  endfacet
  facet normal 0 1 0
    outer loop
      vertex 6.4 89.6 2
      vertex 6.4 89.6 70
      vertex 88.4 89.6 2
    endloop
  endfacet
  facet normal 0 0 1
    outer loop
      vertex 2.4 93.6 2
      vertex 2.8723149426065797 145.485586947304 2
      vertex 2.4 143.6 2
    endloop
  endfacet
  facet normal 0 0 1
    outer loop
      vertex 2.4 93.6 2
      vertex 4.177719067921592 146.9258784492102 2
      vertex 2.8723149426065797 145.485586947304 2
    endloop
  endfacet
  facet normal 0 0 -1
    outer loop
      vertex 0 142 0
      vertex 0.03852218662242457 142.78413712263648 0
      vertex 0.15371775677415656 143.56072257612902 0
    endloop
  endfacet
  facet normal 0 0 -1
    outer loop
      vertex 0 142 0
      vertex 0.15371775677415656 143.56072257612902 0
      vertex 0.6089637399097061 145.06146745892073 0
    endloop
  endfacet
  facet normal 0 0 -1
    outer loop
      vertex 0.15371775677415656 143.56072257612902 0
      vertex 0.3444773141423294 144.3222774180357 0
      vertex 0.6089637399097061 145.06146745892073 0
    endloop
  endfacet
  facet normal 0 0 -1
    outer loop
      vertex 0 142 0
      vertex 0.6089637399097061 145.06146745892073 0
      vertex 2.3431457505076194 147.65685424949237 0
    endloop
  endfacet
  facet normal 0 0 1
    outer loop
      vertex 2.4 143.6 2
      vertex 2.476858878387078 144.3803612880645 2
      vertex 2.419261093311212 143.99206856131823 2
    endloop
  endfacet
  facet normal 0 0 1
    outer loop
      vertex 2.4 143.6 2
      vertex 2.8723149426065797 145.485586947304 2
      vertex 2.476858878387078 144.3803612880645 2
    endloop
  endfacet
  facet normal 0 0 1
    outer loop
      vertex 2.476858878387078 144.3803612880645 2
      vertex 2.8723149426065797 145.485586947304 2
      vertex 2.5722386570711646 144.76113870901784 2
    endloop
  endfacet
  facet normal 0 0 1
    outer loop
      vertex 2.5722386570711646 144.76113870901784 2
      vertex 2.8723149426065797 145.485586947304 2
      vertex 2.704481869954853 145.13073372946036 2
    endloop
  endfacet
  facet normal 0 0 -1
    outer loop
      vertex 0.6089637399097061 145.06146745892073 0
      vertex 0.9446298852131596 145.77117389460798 0
      vertex 1.3482431015796381 146.4445618641568 0
    endloop
  endfacet
  facet normal 0 0 -1
    outer loop
      vertex 0.6089637399097061 145.06146745892073 0
      vertex 1.3482431015796381 146.4445618641568 0
      vertex 2.3431457505076194 147.65685424949237 0
    endloop
  endfacet
  facet normal 0 0 -1
    outer loop
      vertex 1.3482431015796381 146.4445618641568 0
      vertex 1.815916373098104 147.07514627330917 0
      vertex 2.3431457505076194 147.65685424949237 0
    endloop
  endfacet
  facet normal 0 0 -1
    outer loop
      vertex 0 142 0
      vertex 2.3431457505076194 147.65685424949237 0
      vertex 8 150 0
    endloop
  endfacet
  facet normal 0 0 1
    outer loop
      vertex 2.8723149426065797 145.485586947304 2
      vertex 3.307958186549052 146.13757313665457 2
      vertex 3.074121550789819 145.8222809320784 2
    endloop
  endfacet
  facet normal 0 0 1
    outer loop
      vertex 2.8723149426065797 145.485586947304 2
      vertex 4.177719067921592 146.9258784492102 2
      vertex 3.307958186549052 146.13757313665457 2
    endloop
  endfacet
  facet normal 0 0 -1
    outer loop
      vertex 2.3431457505076194 147.65685424949237 0
      vertex 2.924853726690836 148.1840836269019 0
      vertex 3.5554381358431826 148.65175689842036 0
    endloop
  endfacet
  facet normal 0 0 1
    outer loop
      vertex 3.307958186549052 146.13757313665457 2
      vertex 4.177719067921592 146.9258784492102 2
      vertex 3.5715728752538096 146.42842712474618 2
    endloop
  endfacet
  facet normal 0 0 1
    outer loop
      vertex 3.5715728752538096 146.42842712474618 2
      vertex 4.177719067921592 146.9258784492102 2
      vertex 3.862426863345418 146.69204181345094 2
    endloop
  endfacet
  facet normal 0 0 1
    outer loop
      vertex 4.177719067921592 146.9258784492102 2
      vertex 5.23886129098215 147.42776134292882 2
      vertex 4.514413052696009 147.12768505739342 2
    endloop
  endfacet
  facet normal 0 0 1
    outer loop
      vertex 4.514413052696009 147.12768505739342 2
      vertex 5.23886129098215 147.42776134292882 2
      vertex 4.86926627053964 147.29551813004514 2
    endloop
  endfacet
  facet normal 0 0 1
    outer loop
      vertex 4.177719067921592 146.9258784492102 2
      vertex 6.4 147.6 2
      vertex 5.23886129098215 147.42776134292882 2
    endloop
  endfacet
  facet normal 0 0 1
    outer loop
      vertex 5.23886129098215 147.42776134292882 2
      vertex 6.4 147.6 2
      vertex 5.619638711935487 147.52314112161292 2
    endloop
  endfacet
  facet normal 0 0 1
    outer loop
      vertex 5.619638711935487 147.52314112161292 2
      vertex 6.4 147.6 2
      vertex 6.007931438681757 147.5807389066888 2
    endloop
  endfacet
  facet normal 0 0 -1
    outer loop
      vertex 2.3431457505076194 147.65685424949237 0
      vertex 3.5554381358431826 148.65175689842036 0
      vertex 4.938532541079281 149.3910362600903 0
    endloop
  endfacet
  facet normal 0 0 -1
    outer loop
      vertex 3.5554381358431826 148.65175689842036 0
      vertex 4.228826105392018 149.05537011478685 0
      vertex 4.938532541079281 149.3910362600903 0
    endloop
  endfacet
  facet normal 0 0 -1
    outer loop
      vertex 2.3431457505076194 147.65685424949237 0
      vertex 4.938532541079281 149.3910362600903 0
      vertex 8 150 0
    endloop
  endfacet
  facet normal 0 0 -1
    outer loop
      vertex 4.938532541079281 149.3910362600903 0
      vertex 5.677722581964302 149.65552268585768 0
      vertex 6.4392774238709745 149.84628224322586 0
    endloop
  endfacet
  facet normal 0 0 -1
    outer loop
      vertex 4.938532541079281 149.3910362600903 0
      vertex 6.4392774238709745 149.84628224322586 0
      vertex 8 150 0
    endloop
  endfacet
  facet normal 0 0 -1
    outer loop
      vertex 6.4392774238709745 149.84628224322586 0
      vertex 7.215862877363515 149.96147781337757 0
      vertex 8 150 0
    endloop
  endfacet
  facet normal 0 0 1
    outer loop
      vertex 4.177719067921592 146.9258784492102 2
      vertex 90.62228093207841 146.9258784492102 2
      vertex 6.4 147.6 2
    endloop
  endfacet
  facet normal 1 0 0
    outer loop
      vertex 2.4 93.6 2
      vertex 2.4 143.6 2
      vertex 2.4 143.6 70
    endloop
  endfacet
  facet normal -0.9987954562051724 0.04906767432741788 0
    outer loop
      vertex 0 142 0
      vertex 0 142 70
      vertex 0.03852218662242457 142.78413712263648 0
    endloop
  endfacet
  facet normal -0.9891765099647809 0.1467304744553619 8.368712750752072e-20
    outer loop
      vertex 0.03852218662242457 142.78413712263648 0
      vertex 0.15371775677415656 143.56072257612902 70
      vertex 0.15371775677415656 143.56072257612902 0
    endloop
  endfacet
  facet normal -0.9700312531945439 0.24298017990326415 1.1324969882185566e-19
    outer loop
      vertex 0.15371775677415656 143.56072257612902 0
      vertex 0.3444773141423294 144.3222774180357 70
      vertex 0.3444773141423294 144.3222774180357 0
    endloop
  endfacet
  facet normal -0.941544065183023 0.33688985339221356 0
    outer loop
      vertex 0.3444773141423294 144.3222774180357 0
      vertex 0.3444773141423294 144.3222774180357 70
      vertex 0.6089637399097061 145.06146745892073 0
    endloop
  endfacet
  facet normal -0.9039892931234409 0.4275550934302871 0
    outer loop
      vertex 0.6089637399097061 145.06146745892073 0
      vertex 0.6089637399097061 145.06146745892073 70
      vertex 0.9446298852131596 145.77117389460798 0
    endloop
  endfacet
  facet normal 0.9987954562051724 -0.04906767432741789 -1.1780381957355744e-20
    outer loop
      vertex 2.4 143.6 2
      vertex 2.419261093311212 143.99206856131823 2
      vertex 2.419261093311212 143.99206856131823 70
    endloop
  endfacet
  facet normal 0.9891765099647809 -0.1467304744553619 4.307425680534154e-20
    outer loop
      vertex 2.419261093311212 143.99206856131823 2
      vertex 2.476858878387078 144.3803612880645 2
      vertex 2.476858878387078 144.3803612880645 70
    endloop
  endfacet
  facet normal 0.970031253194544 -0.24298017990326415 5.829028615830806e-20
    outer loop
      vertex 2.476858878387078 144.3803612880645 2
      vertex 2.5722386570711646 144.76113870901784 2
      vertex 2.5722386570711646 144.76113870901784 70
    endloop
  endfacet
  facet normal 0.9415440651830231 -0.3368898533922136 4.1802482990889744e-21
    outer loop
      vertex 2.5722386570711646 144.76113870901784 2
      vertex 2.704481869954853 145.13073372946036 2
      vertex 2.704481869954853 145.13073372946036 70
    endloop
  endfacet
  facet normal -0.8577286100002688 0.5141027441932273 0
    outer loop
      vertex 0.9446298852131596 145.77117389460798 0
      vertex 0.9446298852131596 145.77117389460798 70
      vertex 1.3482431015796381 146.4445618641568 0
    endloop
  endfacet
  facet normal -0.8032075314806524 0.5956993044924233 -3.39214584858154e-20
    outer loop
      vertex 1.3482431015796381 146.4445618641568 0
      vertex 1.815916373098104 147.07514627330917 70
      vertex 1.815916373098104 147.07514627330917 0
    endloop
  endfacet
  facet normal -0.7409511253549478 0.671558954847031 0
    outer loop
      vertex 1.815916373098104 147.07514627330917 0
      vertex 1.815916373098104 147.07514627330917 70
      vertex 2.3431457505076194 147.65685424949237 0
    endloop
  endfacet
  facet normal -0.6715589548470254 0.7409511253549527 0
    outer loop
      vertex 2.3431457505076194 147.65685424949237 0
      vertex 2.3431457505076194 147.65685424949237 70
      vertex 2.924853726690836 148.1840836269019 0
    endloop
  endfacet
  facet normal -0.5956993044924316 0.8032075314806464 9.880308123972966e-20
    outer loop
      vertex 2.924853726690836 148.1840836269019 0
      vertex 3.5554381358431826 148.65175689842036 70
      vertex 3.5554381358431826 148.65175689842036 0
    endloop
  endfacet
  facet normal -0.5141027441932372 0.8577286100002627 -4.564062193103823e-19
    outer loop
      vertex 3.5554381358431826 148.65175689842036 0
      vertex 4.228826105392018 149.05537011478685 70
      vertex 4.228826105392018 149.05537011478685 0
    endloop
  endfacet
  facet normal -0.42755509343026243 0.9039892931234526 0
    outer loop
      vertex 4.228826105392018 149.05537011478685 0
      vertex 4.228826105392018 149.05537011478685 70
      vertex 4.938532541079281 149.3910362600903 0
    endloop
  endfacet
  facet normal -0.3368898533922314 0.9415440651830168 0
    outer loop
      vertex 4.938532541079281 149.3910362600903 0
      vertex 4.938532541079281 149.3910362600903 70
      vertex 5.677722581964302 149.65552268585768 0
    endloop
  endfacet
  facet normal -0.24298017990327478 0.9700312531945413 -3.950380386693316e-20
    outer loop
      vertex 5.677722581964302 149.65552268585768 0
      vertex 6.4392774238709745 149.84628224322586 70
      vertex 6.4392774238709745 149.84628224322586 0
    endloop
  endfacet
  facet normal -0.1467304744553382 0.9891765099647845 1.0328709441017905e-19
    outer loop
      vertex 6.4392774238709745 149.84628224322586 0
      vertex 7.215862877363515 149.96147781337757 70
      vertex 7.215862877363515 149.96147781337757 0
    endloop
  endfacet
  facet normal 0.9039892931234476 -0.4275550934302731 -1.121552477277014e-19
    outer loop
      vertex 2.704481869954853 145.13073372946036 2
      vertex 2.8723149426065797 145.485586947304 2
      vertex 2.8723149426065797 145.485586947304 70
    endloop
  endfacet
  facet normal 0.8577286100002592 -0.5141027441932433 1.9982282681895785e-19
    outer loop
      vertex 2.8723149426065797 145.485586947304 2
      vertex 3.074121550789819 145.8222809320784 2
      vertex 3.074121550789819 145.8222809320784 70
    endloop
  endfacet
  facet normal 0.8032075314806396 -0.5956993044924406 -2.5074976250214946e-19
    outer loop
      vertex 3.074121550789819 145.8222809320784 2
      vertex 3.307958186549052 146.13757313665457 2
      vertex 3.307958186549052 146.13757313665457 70
    endloop
  endfacet
  facet normal 0.7409511253549641 -0.671558954847013 2.0160268737296796e-19
    outer loop
      vertex 3.307958186549052 146.13757313665457 2
      vertex 3.5715728752538096 146.42842712474618 2
      vertex 3.5715728752538096 146.42842712474618 70
    endloop
  endfacet
  facet normal 0.6715589548470254 -0.7409511253549527 8.041287029237502e-20
    outer loop
      vertex 3.5715728752538096 146.42842712474618 2
      vertex 3.862426863345418 146.69204181345094 2
      vertex 3.862426863345418 146.69204181345094 70
    endloop
  endfacet
  facet normal 0.5956993044924542 -0.8032075314806294 2.286575174186524e-19
    outer loop
      vertex 3.862426863345418 146.69204181345094 2
      vertex 4.177719067921592 146.9258784492102 2
      vertex 4.177719067921592 146.9258784492102 70
    endloop
  endfacet
  facet normal 0.5141027441932117 -0.8577286100002781 -7.388062862727087e-20
    outer loop
      vertex 4.177719067921592 146.9258784492102 2
      vertex 4.514413052696009 147.12768505739342 2
      vertex 4.514413052696009 147.12768505739342 70
    endloop
  endfacet
  facet normal 0.42755509343026243 -0.9039892931234527 -4.692190763920055e-20
    outer loop
      vertex 4.514413052696009 147.12768505739342 2
      vertex 4.86926627053964 147.29551813004514 2
      vertex 4.86926627053964 147.29551813004514 70
    endloop
  endfacet
  facet normal 0.3368898533921993 -0.9415440651830282 -1.2545242563822238e-19
    outer loop
      vertex 4.86926627053964 147.29551813004514 2
      vertex 5.23886129098215 147.42776134292882 2
      vertex 5.23886129098215 147.42776134292882 70
    endloop
  endfacet
  facet normal 0.24298017990330886 -0.9700312531945328 -6.396394686230033e-20
    outer loop
      vertex 5.23886129098215 147.42776134292882 2
      vertex 5.619638711935487 147.52314112161292 2
      vertex 5.619638711935487 147.52314112161292 70
    endloop
  endfacet
  facet normal 0.1467304744553736 -0.9891765099647791 -1.8713563834314825e-20
    outer loop
      vertex 5.619638711935487 147.52314112161292 2
      vertex 6.007931438681757 147.5807389066888 2
      vertex 6.007931438681757 147.5807389066888 70
    endloop
  endfacet
  facet normal 0.049067674327388094 -0.9987954562051738 1.0210067638082749e-20
    outer loop
      vertex 6.007931438681757 147.5807389066888 2
      vertex 6.4 147.6 2
      vertex 6.4 147.6 70
    endloop
  endfacet
  facet normal -0.04906767432742433 0.9987954562051721 0
    outer loop
      vertex 7.215862877363515 149.96147781337757 0
      vertex 7.215862877363515 149.96147781337757 70
      vertex 8 150 0
    endloop
  endfacet
  facet normal 0 0 1
    outer loop
      vertex 4.177719067921592 90.27412155078981 2
      vertex 88.4 89.6 2
      vertex 92.4 93.6 2
    endloop
  endfacet
  facet normal 0 0 1
    outer loop
      vertex 88.4 89.6 2
      vertex 88.79206856131825 89.61926109331121 2
      vertex 89.18036128806452 89.67685887838707 2
    endloop
  endfacet
  facet normal 0 0 1
    outer loop
      vertex 88.4 89.6 2
      vertex 89.18036128806452 89.67685887838707 2
      vertex 89.93073372946037 89.90448186995485 2
    endloop
  endfacet
  facet normal 0 0 1
    outer loop
      vertex 89.18036128806452 89.67685887838707 2
      vertex 89.56113870901785 89.77223865707116 2
      vertex 89.93073372946037 89.90448186995485 2
    endloop
  endfacet
  facet normal 0 0 1
    outer loop
      vertex 88.4 89.6 2
      vertex 89.93073372946037 89.90448186995485 2
      vertex 91.22842712474619 90.77157287525381 2
    endloop
  endfacet
  facet normal 0 0 1
    outer loop
      vertex 89.93073372946037 89.90448186995485 2
      vertex 90.285586947304 90.07231494260657 2
      vertex 90.62228093207841 90.27412155078981 2
    endloop
  endfacet
  facet normal 0 0 1
    outer loop
      vertex 89.93073372946037 89.90448186995485 2
      vertex 90.62228093207841 90.27412155078981 2
      vertex 91.22842712474619 90.77157287525381 2
    endloop
  endfacet
  facet normal 0 0 1
    outer loop
      vertex 88.4 89.6 2
      vertex 91.22842712474619 90.77157287525381 2
      vertex 92.4 93.6 2
    endloop
  endfacet
  facet normal 0 0 1
    outer loop
      vertex 90.62228093207841 90.27412155078981 2
      vertex 90.93757313665459 90.50795818654905 2
      vertex 91.22842712474619 90.77157287525381 2
    endloop
  endfacet
  facet normal 0 0 1
    outer loop
      vertex 91.22842712474619 90.77157287525381 2
      vertex 91.49204181345095 91.06242686334541 2
      vertex 91.72587844921019 91.37771906792159 2
    endloop
  endfacet
  facet normal 0 0 1
    outer loop
      vertex 91.22842712474619 90.77157287525381 2
      vertex 91.72587844921019 91.37771906792159 2
      vertex 92.09551813004515 92.06926627053963 2
    endloop
  endfacet
  facet normal 0 0 1
    outer loop
      vertex 91.72587844921019 91.37771906792159 2
      vertex 91.92768505739343 91.714413052696 2
      vertex 92.09551813004515 92.06926627053963 2
    endloop
  endfacet
  facet normal 0 0 1
    outer loop
      vertex 91.22842712474619 90.77157287525381 2
      vertex 92.09551813004515 92.06926627053963 2
      vertex 92.4 93.6 2
    endloop
  endfacet
  facet normal 0 0 1
    outer loop
      vertex 92.09551813004515 92.06926627053963 2
      vertex 92.22776134292884 92.43886129098215 2
      vertex 92.32314112161293 92.81963871193548 2
    endloop
  endfacet
  facet normal 0 0 1
    outer loop
      vertex 92.09551813004515 92.06926627053963 2
      vertex 92.32314112161293 92.81963871193548 2
      vertex 92.4 93.6 2
    endloop
  endfacet
  facet normal 0 0 1
    outer loop
      vertex 92.32314112161293 92.81963871193548 2
      vertex 92.38073890668879 93.20793143868175 2
      vertex 92.4 93.6 2
    endloop
  endfacet
  facet normal 0 0 1
    outer loop
      vertex 96.26242686334541 90.50795818654905 2
      vertex 96.914413052696 90.07231494260657 2
      vertex 97.26926627053963 89.90448186995485 2
    endloop
  endfacet
  facet normal 0 0 1
    outer loop
      vertex 95.97157287525381 90.77157287525381 2
      vertex 96.26242686334541 90.50795818654905 2
      vertex 95.47412155078982 91.37771906792159 2
    endloop
  endfacet
  facet normal 0 0 1
    outer loop
      vertex 95.97157287525381 90.77157287525381 2
      vertex 95.47412155078982 91.37771906792159 2
      vertex 95.70795818654905 91.06242686334541 2
    endloop
  endfacet
  facet normal 0 0 1
    outer loop
      vertex 96.26242686334541 90.50795818654905 2
      vertex 97.26926627053963 89.90448186995485 2
      vertex 95.47412155078982 91.37771906792159 2
    endloop
  endfacet
  facet normal 0 0 1
    outer loop
      vertex 96.26242686334541 90.50795818654905 2
      vertex 96.57771906792159 90.27412155078981 2
      vertex 96.914413052696 90.07231494260657 2
    endloop
  endfacet
  facet normal 0 0 1
    outer loop
      vertex 95.27231494260657 91.714413052696 2
      vertex 94.97223865707116 92.43886129098215 2
      vertex 95.10448186995485 92.06926627053963 2
    endloop
  endfacet
  facet normal 0 0 1
    outer loop
      vertex 95.47412155078982 91.37771906792159 2
      vertex 94.8 93.6 2
      vertex 94.97223865707116 92.43886129098215 2
    endloop
  endfacet
  facet normal 0 0 1
    outer loop
      vertex 94.97223865707116 92.43886129098215 2
      vertex 94.81926109331121 93.20793143868175 2
      vertex 94.87685887838708 92.81963871193548 2
    endloop
  endfacet
  facet normal 0 0 1
    outer loop
      vertex 94.97223865707116 92.43886129098215 2
      vertex 94.8 93.6 2
      vertex 94.81926109331121 93.20793143868175 2
    endloop
  endfacet
  facet normal 0 0 1
    outer loop
      vertex 95.47412155078982 91.37771906792159 2
      vertex 94.97223865707116 92.43886129098215 2
      vertex 95.27231494260657 91.714413052696 2
    endloop
  endfacet
  facet normal 0 0 1
    outer loop
      vertex 97.26926627053963 89.90448186995485 2
      vertex 94.8 93.6 2
      vertex 95.47412155078982 91.37771906792159 2
    endloop
  endfacet
  facet normal 0 0 1
    outer loop
      vertex 97.26926627053963 89.90448186995485 2
      vertex 97.63886129098215 89.77223865707116 2
      vertex 98.01963871193549 89.67685887838707 2
    endloop
  endfacet
  facet normal 0 0 1
    outer loop
      vertex 97.26926627053963 89.90448186995485 2
      vertex 98.01963871193549 89.67685887838707 2
      vertex 98.40793143868176 89.61926109331121 2
    endloop
  endfacet
  facet normal 0 0 1
    outer loop
      vertex 97.26926627053963 89.90448186995485 2
      vertex 98.40793143868176 89.61926109331121 2
      vertex 98.8 89.6 2
    endloop
  endfacet
  facet normal 0 0 1
    outer loop
      vertex 97.26926627053963 89.90448186995485 2
      vertex 96.914413052696 147.12768505739342 2
      vertex 94.8 93.6 2
    endloop
  endfacet
  facet normal 0 -1 0
    outer loop
      vertex 6.4 87.2 2
      vertex 188.4 87.2 2
      vertex 6.4 87.2 70
    endloop
  endfacet
  facet normal -0.049067674327424655 0.9987954562051721 0
    outer loop
      vertex 88.4 89.6 2
      vertex 88.4 89.6 70
      vertex 88.79206856131825 89.61926109331121 2
    endloop
  endfacet
  facet normal -0.14673047445533755 0.9891765099647846 0
    outer loop
      vertex 88.79206856131825 89.61926109331121 2
      vertex 88.79206856131825 89.61926109331121 70
      vertex 89.18036128806452 89.67685887838707 2
    endloop
  endfacet
  facet normal -0.24298017990327478 0.9700312531945413 0
    outer loop
      vertex 89.18036128806452 89.67685887838707 2
      vertex 89.18036128806452 89.67685887838707 70
      vertex 89.56113870901785 89.77223865707116 2
    endloop
  endfacet
  facet normal -0.33688985339222566 0.9415440651830188 0
    outer loop
      vertex 89.56113870901785 89.77223865707116 2
      vertex 89.56113870901785 89.77223865707116 70
      vertex 89.93073372946037 89.90448186995485 2
    endloop
  endfacet
  facet normal -0.4275550934302677 0.9039892931234502 0
    outer loop
      vertex 89.93073372946037 89.90448186995485 2
      vertex 89.93073372946037 89.90448186995485 70
      vertex 90.285586947304 90.07231494260657 2
    endloop
  endfacet
  facet normal -0.5141027441932423 0.8577286100002598 0
    outer loop
      vertex 90.285586947304 90.07231494260657 2
      vertex 90.285586947304 90.07231494260657 70
      vertex 90.62228093207841 90.27412155078981 2
    endloop
  endfacet
  facet normal -0.5956993044924217 0.8032075314806535 0
    outer loop
      vertex 90.62228093207841 90.27412155078981 2
      vertex 90.62228093207841 90.27412155078981 70
      vertex 90.93757313665459 90.50795818654905 2
    endloop
  endfacet
  facet normal -0.6715589548470384 0.740951125354941 0
    outer loop
      vertex 90.93757313665459 90.50795818654905 2
      vertex 90.93757313665459 90.50795818654905 70
      vertex 91.22842712474619 90.77157287525381 2
    endloop
  endfacet
  facet normal -0.740951125354941 0.6715589548470384 0
    outer loop
      vertex 91.22842712474619 90.77157287525381 2
      vertex 91.22842712474619 90.77157287525381 70
      vertex 91.49204181345095 91.06242686334541 2
    endloop
  endfacet
  facet normal -0.8032075314806535 0.5956993044924217 0
    outer loop
      vertex 91.49204181345095 91.06242686334541 2
      vertex 91.49204181345095 91.06242686334541 70
      vertex 91.72587844921019 91.37771906792159 2
    endloop
  endfacet
  facet normal -0.8577286100002598 0.5141027441932423 0
    outer loop
      vertex 91.72587844921019 91.37771906792159 2
      vertex 91.72587844921019 91.37771906792159 70
      vertex 91.92768505739343 91.714413052696 2
    endloop
  endfacet
  facet normal -0.9039892931234502 0.4275550934302677 0
    outer loop
      vertex 91.92768505739343 91.714413052696 2
      vertex 91.92768505739343 91.714413052696 70
      vertex 92.09551813004515 92.06926627053963 2
    endloop
  endfacet
  facet normal -0.9415440651830188 0.33688985339222566 0
    outer loop
      vertex 92.09551813004515 92.06926627053963 2
      vertex 92.09551813004515 92.06926627053963 70
      vertex 92.22776134292884 92.43886129098215 2
    endloop
  endfacet
  facet normal -0.9700312531945413 0.24298017990327478 0
    outer loop
      vertex 92.22776134292884 92.43886129098215 2
      vertex 92.22776134292884 92.43886129098215 70
      vertex 92.32314112161293 92.81963871193548 2
    endloop
  endfacet
  facet normal -0.9891765099647846 0.14673047445533755 0
    outer loop
      vertex 92.32314112161293 92.81963871193548 2
      vertex 92.32314112161293 92.81963871193548 70
      vertex 92.38073890668879 93.20793143868175 2
    endloop
  endfacet
  facet normal -0.9987954562051721 0.049067674327424655 0
    outer loop
      vertex 92.38073890668879 93.20793143868175 2
      vertex 92.38073890668879 93.20793143868175 70
      vertex 92.4 93.6 2
    endloop
  endfacet
  facet normal 0.5141027441932423 0.8577286100002598 0
    outer loop
      vertex 96.57771906792159 90.27412155078981 2
      vertex 96.57771906792159 90.27412155078981 70
      vertex 96.914413052696 90.07231494260657 2
    endloop
  endfacet
  facet normal 0.6715589548470384 0.740951125354941 0
    outer loop
      vertex 95.97157287525381 90.77157287525381 2
      vertex 95.97157287525381 90.77157287525381 70
      vertex 96.26242686334541 90.50795818654905 2
    endloop
  endfacet
  facet normal 0.8032075314806535 0.5956993044924217 0
    outer loop
      vertex 95.47412155078982 91.37771906792159 2
      vertex 95.47412155078982 91.37771906792159 70
      vertex 95.70795818654905 91.06242686334541 2
    endloop
  endfacet
  facet normal 0.740951125354941 0.6715589548470384 -6.980110242789079e-20
    outer loop
      vertex 95.97157287525381 90.77157287525381 2
      vertex 95.70795818654905 91.06242686334541 2
      vertex 95.70795818654905 91.06242686334541 70
    endloop
  endfacet
  facet normal 0.5956993044924217 0.8032075314806535 0
    outer loop
      vertex 96.26242686334541 90.50795818654905 2
      vertex 96.26242686334541 90.50795818654905 70
      vertex 96.57771906792159 90.27412155078981 2
    endloop
  endfacet
  facet normal 0.9039892931234502 0.4275550934302677 1.9834687306176328e-20
    outer loop
      vertex 95.27231494260657 91.714413052696 2
      vertex 95.10448186995485 92.06926627053963 2
      vertex 95.10448186995485 92.06926627053963 70
    endloop
  endfacet
  facet normal 0.9415440651830188 0.33688985339222566 3.5079065570283705e-20
    outer loop
      vertex 95.10448186995485 92.06926627053963 2
      vertex 94.97223865707116 92.43886129098215 2
      vertex 94.97223865707116 92.43886129098215 70
    endloop
  endfacet
  facet normal 0.9700312531945497 0.24298017990324072 -2.3298266411046373e-20
    outer loop
      vertex 94.97223865707116 92.43886129098215 2
      vertex 94.87685887838708 92.81963871193548 2
      vertex 94.87685887838708 92.81963871193548 70
    endloop
  endfacet
  facet normal 0.9891765099647793 0.14673047445537296 -4.4983646734884693e-20
    outer loop
      vertex 94.87685887838708 92.81963871193548 2
      vertex 94.81926109331121 93.20793143868175 2
      vertex 94.81926109331121 93.20793143868175 70
    endloop
  endfacet
  facet normal 0.9987954562051721 0.049067674327424655 -2.3422604658184615e-21
    outer loop
      vertex 94.81926109331121 93.20793143868175 2
      vertex 94.8 93.6 2
      vertex 94.8 93.6 70
    endloop
  endfacet
  facet normal 0.8577286100002598 0.5141027441932423 1.557369971187795e-20
    outer loop
      vertex 95.47412155078982 91.37771906792159 2
      vertex 95.27231494260657 91.714413052696 2
      vertex 95.27231494260657 91.714413052696 70
    endloop
  endfacet
  facet normal 0.4275550934302677 0.9039892931234502 0
    outer loop
      vertex 96.914413052696 90.07231494260657 2
      vertex 96.914413052696 90.07231494260657 70
      vertex 97.26926627053963 89.90448186995485 2
    endloop
  endfacet
  facet normal 0.33688985339222566 0.9415440651830188 3.5079065570283705e-20
    outer loop
      vertex 97.26926627053963 89.90448186995485 2
      vertex 97.63886129098215 89.77223865707116 70
      vertex 97.63886129098215 89.77223865707116 2
    endloop
  endfacet
  facet normal 0.24298017990327478 0.9700312531945413 2.0332840225627363e-20
    outer loop
      vertex 98.01963871193549 89.67685887838707 2
      vertex 97.63886129098215 89.77223865707116 2
      vertex 97.63886129098215 89.77223865707116 70
    endloop
  endfacet
  facet normal 0.049067674327424655 0.9987954562051721 0
    outer loop
      vertex 98.40793143868176 89.61926109331121 2
      vertex 98.40793143868176 89.61926109331121 70
      vertex 98.8 89.6 2
    endloop
  endfacet
  facet normal 0.14673047445533755 0.9891765099647846 0
    outer loop
      vertex 98.01963871193549 89.67685887838707 2
      vertex 98.01963871193549 89.67685887838707 70
      vertex 98.40793143868176 89.61926109331121 2
    endloop
  endfacet
  facet normal -1 0 0
    outer loop
      vertex 92.4 93.6 2
      vertex 92.4 93.6 70
      vertex 92.4 143.6 2
    endloop
  endfacet
  facet normal 0 0 1
    outer loop
      vertex 4.177719067921592 146.9258784492102 2
      vertex 92.4 93.6 2
      vertex 90.62228093207841 146.9258784492102 2
    endloop
  endfacet
  facet normal 0 0 1
    outer loop
      vertex 6.4 147.6 2
      vertex 90.62228093207841 146.9258784492102 2
      vertex 88.4 147.6 2
    endloop
  endfacet
  facet normal 0 0 1
    outer loop
      vertex 92.4 93.6 2
      vertex 92.4 143.6 2
      vertex 90.62228093207841 146.9258784492102 2
    endloop
  endfacet
  facet normal 0 0 1
    outer loop
      vertex 94.8 93.6 2
      vertex 96.914413052696 147.12768505739342 2
      vertex 94.8 143.6 2
    endloop
  endfacet
  facet normal 0 0 1
    outer loop
      vertex 92.4 143.6 2
      vertex 92.38073890668879 143.99206856131823 2
      vertex 92.32314112161293 144.3803612880645 2
    endloop
  endfacet
  facet normal 0 0 1
    outer loop
      vertex 92.4 143.6 2
      vertex 92.32314112161293 144.3803612880645 2
      vertex 91.92768505739343 145.485586947304 2
    endloop
  endfacet
  facet normal 0 0 1
    outer loop
      vertex 92.09551813004515 145.13073372946036 2
      vertex 91.92768505739343 145.485586947304 2
      vertex 92.22776134292884 144.76113870901784 2
    endloop
  endfacet
  facet normal 0 0 1
    outer loop
      vertex 92.32314112161293 144.3803612880645 2
      vertex 92.22776134292884 144.76113870901784 2
      vertex 91.92768505739343 145.485586947304 2
    endloop
  endfacet
  facet normal 0 0 1
    outer loop
      vertex 88.4 147.6 2
      vertex 89.56113870901785 147.42776134292882 2
      vertex 88.79206856131825 147.5807389066888 2
    endloop
  endfacet
  facet normal 0 0 1
    outer loop
      vertex 88.79206856131825 147.5807389066888 2
      vertex 89.56113870901785 147.42776134292882 2
      vertex 89.18036128806452 147.52314112161292 2
    endloop
  endfacet
  facet normal 0 0 1
    outer loop
      vertex 88.4 147.6 2
      vertex 90.62228093207841 146.9258784492102 2
      vertex 89.56113870901785 147.42776134292882 2
    endloop
  endfacet
  facet normal 0 0 1
    outer loop
      vertex 91.92768505739343 145.485586947304 2
      vertex 91.49204181345095 146.13757313665457 2
      vertex 90.62228093207841 146.9258784492102 2
    endloop
  endfacet
  facet normal 0 0 1
    outer loop
      vertex 91.22842712474619 146.42842712474618 2
      vertex 90.93757313665459 146.69204181345094 2
      vertex 91.49204181345095 146.13757313665457 2
    endloop
  endfacet
  facet normal 0 0 1
    outer loop
      vertex 89.56113870901785 147.42776134292882 2
      vertex 90.285586947304 147.12768505739342 2
      vertex 89.93073372946037 147.29551813004514 2
    endloop
  endfacet
  facet normal 0 0 1
    outer loop
      vertex 89.56113870901785 147.42776134292882 2
      vertex 90.62228093207841 146.9258784492102 2
      vertex 90.285586947304 147.12768505739342 2
    endloop
  endfacet
  facet normal 0 0 1
    outer loop
      vertex 91.49204181345095 146.13757313665457 2
      vertex 90.93757313665459 146.69204181345094 2
      vertex 90.62228093207841 146.9258784492102 2
    endloop
  endfacet
  facet normal 0 0 1
    outer loop
      vertex 92.4 143.6 2
      vertex 91.92768505739343 145.485586947304 2
      vertex 90.62228093207841 146.9258784492102 2
    endloop
  endfacet
  facet normal 0 0 1
    outer loop
      vertex 91.92768505739343 145.485586947304 2
      vertex 91.72587844921019 145.8222809320784 2
      vertex 91.49204181345095 146.13757313665457 2
    endloop
  endfacet
  facet normal 0 0 1
    outer loop
      vertex 94.8 143.6 2
      vertex 94.87685887838708 144.3803612880645 2
      vertex 94.81926109331121 143.99206856131823 2
    endloop
  endfacet
  facet normal 0 0 1
    outer loop
      vertex 94.8 143.6 2
      vertex 95.27231494260657 145.485586947304 2
      vertex 94.87685887838708 144.3803612880645 2
    endloop
  endfacet
  facet normal 0 0 1
    outer loop
      vertex 94.87685887838708 144.3803612880645 2
      vertex 95.27231494260657 145.485586947304 2
      vertex 94.97223865707116 144.76113870901784 2
    endloop
  endfacet
  facet normal 0 0 1
    outer loop
      vertex 94.97223865707116 144.76113870901784 2
      vertex 95.27231494260657 145.485586947304 2
      vertex 95.10448186995485 145.13073372946036 2
    endloop
  endfacet
  facet normal 0 0 1
    outer loop
      vertex 94.8 143.6 2
      vertex 96.914413052696 147.12768505739342 2
      vertex 95.27231494260657 145.485586947304 2
    endloop
  endfacet
  facet normal 0 0 1
    outer loop
      vertex 95.27231494260657 145.485586947304 2
      vertex 95.70795818654905 146.13757313665457 2
      vertex 95.47412155078982 145.8222809320784 2
    endloop
  endfacet
  facet normal 0 0 1
    outer loop
      vertex 95.27231494260657 145.485586947304 2
      vertex 96.914413052696 147.12768505739342 2
      vertex 95.70795818654905 146.13757313665457 2
    endloop
  endfacet
  facet normal 0 0 1
    outer loop
      vertex 95.70795818654905 146.13757313665457 2
      vertex 96.26242686334541 146.69204181345094 2
      vertex 95.97157287525381 146.42842712474618 2
    endloop
  endfacet
  facet normal 0 0 1
    outer loop
      vertex 95.70795818654905 146.13757313665457 2
      vertex 96.914413052696 147.12768505739342 2
      vertex 96.26242686334541 146.69204181345094 2
    endloop
  endfacet
  facet normal 0 0 1
    outer loop
      vertex 96.26242686334541 146.69204181345094 2
      vertex 96.914413052696 147.12768505739342 2
      vertex 96.57771906792159 146.9258784492102 2
    endloop
  endfacet
  facet normal 0 0 1
    outer loop
      vertex 96.914413052696 147.12768505739342 2
      vertex 97.63886129098215 147.42776134292882 2
      vertex 97.26926627053963 147.29551813004514 2
    endloop
  endfacet
  facet normal 0 0 1
    outer loop
      vertex 96.914413052696 147.12768505739342 2
      vertex 98.8 147.6 2
      vertex 97.63886129098215 147.42776134292882 2
    endloop
  endfacet
  facet normal 0 0 1
    outer loop
      vertex 97.63886129098215 147.42776134292882 2
      vertex 98.8 147.6 2
      vertex 98.01963871193549 147.52314112161292 2
    endloop
  endfacet
  facet normal 0 0 1
    outer loop
      vertex 98.01963871193549 147.52314112161292 2
      vertex 98.8 147.6 2
      vertex 98.40793143868176 147.5807389066888 2
    endloop
  endfacet
  facet normal 0 -1 0
    outer loop
      vertex 6.4 147.6 2
      vertex 88.4 147.6 2
      vertex 88.4 147.6 70
    endloop
  endfacet
  facet normal 0 1 0
    outer loop
      vertex 8 150 0
      vertex 8 150 70
      vertex 222 150 0
    endloop
  endfacet
  facet normal 1 0 0
    outer loop
      vertex 94.8 93.6 2
      vertex 94.8 143.6 2
      vertex 94.8 143.6 70
    endloop
  endfacet
  facet normal -0.9987954562051721 -0.049067674327424655 0
    outer loop
      vertex 92.4 143.6 2
      vertex 92.4 143.6 70
      vertex 92.38073890668879 143.99206856131823 2
    endloop
  endfacet
  facet normal -0.9891765099647846 -0.14673047445533755 0
    outer loop
      vertex 92.38073890668879 143.99206856131823 2
      vertex 92.38073890668879 143.99206856131823 70
      vertex 92.32314112161293 144.3803612880645 2
    endloop
  endfacet
  facet normal -0.9700312531945413 -0.24298017990327478 0
    outer loop
      vertex 92.32314112161293 144.3803612880645 2
      vertex 92.32314112161293 144.3803612880645 70
      vertex 92.22776134292884 144.76113870901784 2
    endloop
  endfacet
  facet normal -0.9039892931234568 -0.4275550934302537 0
    outer loop
      vertex 92.09551813004515 145.13073372946036 2
      vertex 92.09551813004515 145.13073372946036 70
      vertex 91.92768505739343 145.485586947304 2
    endloop
  endfacet
  facet normal -0.9415440651830188 -0.33688985339222566 3.5079065570283705e-20
    outer loop
      vertex 92.09551813004515 145.13073372946036 2
      vertex 92.22776134292884 144.76113870901784 2
      vertex 92.22776134292884 144.76113870901784 70
    endloop
  endfacet
  facet normal -0.049067674327388545 -0.998795456205174 -1.3672708288856524e-20
    outer loop
      vertex 88.4 147.6 2
      vertex 88.79206856131825 147.5807389066888 2
      vertex 88.79206856131825 147.5807389066888 70
    endloop
  endfacet
  facet normal -0.14673047445537296 -0.9891765099647793 -4.4983646734884693e-20
    outer loop
      vertex 88.79206856131825 147.5807389066888 2
      vertex 89.18036128806452 147.52314112161292 2
      vertex 89.18036128806452 147.52314112161292 70
    endloop
  endfacet
  facet normal -0.3368898533921936 -0.9415440651830304 1.7038769331921424e-20
    outer loop
      vertex 89.56113870901785 147.42776134292882 2
      vertex 89.93073372946037 147.29551813004514 2
      vertex 89.93073372946037 147.29551813004514 70
    endloop
  endfacet
  facet normal -0.24298017990330886 -0.9700312531945328 6.396394686230033e-20
    outer loop
      vertex 89.18036128806452 147.52314112161292 2
      vertex 89.56113870901785 147.42776134292882 2
      vertex 89.56113870901785 147.42776134292882 70
    endloop
  endfacet
  facet normal -0.7409511253549572 -0.6715589548470204 -3.935597558893042e-20
    outer loop
      vertex 91.22842712474619 146.42842712474618 2
      vertex 91.49204181345095 146.13757313665457 2
      vertex 91.49204181345095 146.13757313665457 70
    endloop
  endfacet
  facet normal -0.5141027441932157 -0.8577286100002758 -1.0159238426233897e-19
    outer loop
      vertex 90.285586947304 147.12768505739342 2
      vertex 90.62228093207841 146.9258784492102 2
      vertex 90.62228093207841 146.9258784492102 70
    endloop
  endfacet
  facet normal -0.4275550934302677 -0.9039892931234502 1.9834687306176328e-20
    outer loop
      vertex 89.93073372946037 147.29551813004514 2
      vertex 90.285586947304 147.12768505739342 2
      vertex 90.285586947304 147.12768505739342 70
    endloop
  endfacet
  facet normal -0.595699304492445 -0.8032075314806362 1.8356141592281137e-19
    outer loop
      vertex 90.62228093207841 146.9258784492102 2
      vertex 90.93757313665459 146.69204181345094 2
      vertex 90.93757313665459 146.69204181345094 70
    endloop
  endfacet
  facet normal -0.6715589548470384 -0.740951125354941 0
    outer loop
      vertex 91.22842712474619 146.42842712474618 2
      vertex 91.22842712474619 146.42842712474618 70
      vertex 90.93757313665459 146.69204181345094 2
    endloop
  endfacet
  facet normal -0.8577286100002502 -0.5141027441932583 0
    outer loop
      vertex 91.92768505739343 145.485586947304 2
      vertex 91.92768505739343 145.485586947304 70
      vertex 91.72587844921019 145.8222809320784 2
    endloop
  endfacet
  facet normal -0.8032075314806407 -0.595699304492439 0
    outer loop
      vertex 91.72587844921019 145.8222809320784 2
      vertex 91.72587844921019 145.8222809320784 70
      vertex 91.49204181345095 146.13757313665457 2
    endloop
  endfacet
  facet normal 0.9987954562051721 -0.049067674327424655 2.3422604658184615e-21
    outer loop
      vertex 94.8 143.6 2
      vertex 94.81926109331121 143.99206856131823 2
      vertex 94.81926109331121 143.99206856131823 70
    endloop
  endfacet
  facet normal 0.9891765099647793 -0.14673047445537296 4.4983646734884693e-20
    outer loop
      vertex 94.81926109331121 143.99206856131823 2
      vertex 94.87685887838708 144.3803612880645 2
      vertex 94.87685887838708 144.3803612880645 70
    endloop
  endfacet
  facet normal 0.9700312531945497 -0.24298017990324072 2.3298266411046373e-20
    outer loop
      vertex 94.87685887838708 144.3803612880645 2
      vertex 94.97223865707116 144.76113870901784 2
      vertex 94.97223865707116 144.76113870901784 70
    endloop
  endfacet
  facet normal 0.9415440651830188 -0.33688985339222566 -3.5079065570283705e-20
    outer loop
      vertex 94.97223865707116 144.76113870901784 2
      vertex 95.10448186995485 145.13073372946036 2
      vertex 95.10448186995485 145.13073372946036 70
    endloop
  endfacet
  facet normal 0.9039892931234568 -0.4275550934302537 -9.20672748609061e-20
    outer loop
      vertex 95.10448186995485 145.13073372946036 2
      vertex 95.27231494260657 145.485586947304 2
      vertex 95.27231494260657 145.485586947304 70
    endloop
  endfacet
  facet normal 0.8577286100002502 -0.5141027441932583 1.6641110735919057e-19
    outer loop
      vertex 95.27231494260657 145.485586947304 2
      vertex 95.47412155078982 145.8222809320784 2
      vertex 95.47412155078982 145.8222809320784 70
    endloop
  endfacet
  facet normal 0.8032075314806407 -0.595699304492439 1.7624948919564725e-19
    outer loop
      vertex 95.47412155078982 145.8222809320784 2
      vertex 95.70795818654905 146.13757313665457 2
      vertex 95.70795818654905 146.13757313665457 70
    endloop
  endfacet
  facet normal 0.7409511253549572 -0.6715589548470204 3.935597558893042e-20
    outer loop
      vertex 95.70795818654905 146.13757313665457 2
      vertex 95.97157287525381 146.42842712474618 2
      vertex 95.97157287525381 146.42842712474618 70
    endloop
  endfacet
  facet normal 0.6715589548470384 -0.740951125354941 6.980110242789079e-20
    outer loop
      vertex 95.97157287525381 146.42842712474618 2
      vertex 96.26242686334541 146.69204181345094 2
      vertex 96.26242686334541 146.69204181345094 70
    endloop
  endfacet
  facet normal 0.595699304492445 -0.8032075314806362 -1.8356141592281137e-19
    outer loop
      vertex 96.26242686334541 146.69204181345094 2
      vertex 96.57771906792159 146.9258784492102 2
      vertex 96.57771906792159 146.9258784492102 70
    endloop
  endfacet
  facet normal 0.5141027441932157 -0.8577286100002758 1.0159238426233897e-19
    outer loop
      vertex 96.57771906792159 146.9258784492102 2
      vertex 96.914413052696 147.12768505739342 2
      vertex 96.914413052696 147.12768505739342 70
    endloop
  endfacet
  facet normal 0.4275550934302677 -0.9039892931234502 -1.9834687306176328e-20
    outer loop
      vertex 96.914413052696 147.12768505739342 2
      vertex 97.26926627053963 147.29551813004514 2
      vertex 97.26926627053963 147.29551813004514 70
    endloop
  endfacet
  facet normal 0.3368898533921936 -0.9415440651830304 -1.7038769331921424e-20
    outer loop
      vertex 97.26926627053963 147.29551813004514 2
      vertex 97.63886129098215 147.42776134292882 2
      vertex 97.63886129098215 147.42776134292882 70
    endloop
  endfacet
  facet normal 0.24298017990330886 -0.9700312531945328 -6.396394686230033e-20
    outer loop
      vertex 97.63886129098215 147.42776134292882 2
      vertex 98.01963871193549 147.52314112161292 2
      vertex 98.01963871193549 147.52314112161292 70
    endloop
  endfacet
  facet normal 0.14673047445537296 -0.9891765099647793 4.4983646734884693e-20
    outer loop
      vertex 98.01963871193549 147.52314112161292 2
      vertex 98.40793143868176 147.5807389066888 2
      vertex 98.40793143868176 147.5807389066888 70
    endloop
  endfacet
  facet normal 0.049067674327388545 -0.998795456205174 1.3672708288856524e-20
    outer loop
      vertex 98.40793143868176 147.5807389066888 2
      vertex 98.8 147.6 2
      vertex 98.8 147.6 70
    endloop
  endfacet
  facet normal 0.9987954562051724 -0.04906767432741789 0
    outer loop
      vertex 2.4 83.2 2
      vertex 2.419261093311212 83.59206856131824 70
      vertex 2.4 83.2 70
    endloop
  endfacet
  facet normal 0.9891765099647809 -0.1467304744553619 0
    outer loop
      vertex 2.419261093311212 83.59206856131824 2
      vertex 2.476858878387078 83.98036128806451 70
      vertex 2.419261093311212 83.59206856131824 70
    endloop
  endfacet
  facet normal 0.970031253194544 -0.24298017990326415 0
    outer loop
      vertex 2.476858878387078 83.98036128806451 2
      vertex 2.5722386570711646 84.36113870901785 70
      vertex 2.476858878387078 83.98036128806451 70
    endloop
  endfacet
  facet normal 0.9415440651830231 -0.3368898533922136 0
    outer loop
      vertex 2.5722386570711646 84.36113870901785 2
      vertex 2.704481869954853 84.73073372946037 70
      vertex 2.5722386570711646 84.36113870901785 70
    endloop
  endfacet
  facet normal 0.903989293123441 -0.42755509343028714 0
    outer loop
      vertex 2.704481869954853 84.73073372946037 2
      vertex 2.8723149426065797 85.085586947304 70
      vertex 2.704481869954853 84.73073372946037 70
    endloop
  endfacet
  facet normal 0.8577286100002688 -0.5141027441932273 0
    outer loop
      vertex 2.8723149426065797 85.085586947304 2
      vertex 3.074121550789819 85.42228093207841 70
      vertex 2.8723149426065797 85.085586947304 70
    endloop
  endfacet
  facet normal 0.8032075314806525 -0.5956993044924233 0
    outer loop
      vertex 3.074121550789819 85.42228093207841 2
      vertex 3.307958186549052 85.73757313665459 70
      vertex 3.074121550789819 85.42228093207841 70
    endloop
  endfacet
  facet normal 0.7409511253549478 -0.671558954847031 0
    outer loop
      vertex 3.307958186549052 85.73757313665459 2
      vertex 3.5715728752538096 86.02842712474619 70
      vertex 3.307958186549052 85.73757313665459 70
    endloop
  endfacet
  facet normal 0.6715589548470254 -0.7409511253549527 0
    outer loop
      vertex 3.5715728752538096 86.02842712474619 2
      vertex 3.862426863345418 86.29204181345095 70
      vertex 3.5715728752538096 86.02842712474619 70
    endloop
  endfacet
  facet normal 0.5956993044924309 -0.8032075314806467 0
    outer loop
      vertex 3.862426863345418 86.29204181345095 2
      vertex 4.177719067921592 86.52587844921018 70
      vertex 3.862426863345418 86.29204181345095 70
    endloop
  endfacet
  facet normal 0.5141027441932383 -0.8577286100002621 0
    outer loop
      vertex 4.177719067921592 86.52587844921018 2
      vertex 4.514413052696009 86.72768505739343 70
      vertex 4.177719067921592 86.52587844921018 70
    endloop
  endfacet
  facet normal 0.42755509343026243 -0.9039892931234527 0
    outer loop
      vertex 4.514413052696009 86.72768505739343 2
      vertex 4.86926627053964 86.89551813004515 70
      vertex 4.514413052696009 86.72768505739343 70
    endloop
  endfacet
  facet normal 0.3368898533922314 -0.9415440651830168 0
    outer loop
      vertex 4.86926627053964 86.89551813004515 2
      vertex 5.23886129098215 87.02776134292884 70
      vertex 4.86926627053964 86.89551813004515 70
    endloop
  endfacet
  facet normal 0.24298017990324072 -0.9700312531945497 0
    outer loop
      vertex 5.23886129098215 87.02776134292884 2
      vertex 5.619638711935487 87.12314112161292 70
      vertex 5.23886129098215 87.02776134292884 70
    endloop
  endfacet
  facet normal 0.1467304744553736 -0.9891765099647791 0
    outer loop
      vertex 5.619638711935487 87.12314112161292 2
      vertex 6.007931438681757 87.18073890668879 70
      vertex 5.619638711935487 87.12314112161292 70
    endloop
  endfacet
  facet normal 0.04906767432742421 -0.9987954562051721 0
    outer loop
      vertex 6.007931438681757 87.18073890668879 2
      vertex 6.4 87.2 70
      vertex 6.007931438681757 87.18073890668879 70
    endloop
  endfacet
  facet normal 0.7409511253549478 0.671558954847031 0
    outer loop
      vertex 3.5715728752538096 90.77157287525381 2
      vertex 3.307958186549052 91.06242686334541 70
      vertex 3.5715728752538096 90.77157287525381 70
    endloop
  endfacet
  facet normal 0.8032075314806525 0.5956993044924233 0
    outer loop
      vertex 3.307958186549052 91.06242686334541 2
      vertex 3.074121550789819 91.37771906792159 70
      vertex 3.307958186549052 91.06242686334541 70
    endloop
  endfacet
  facet normal 0.9415440651830231 0.3368898533922136 0
    outer loop
      vertex 2.704481869954853 92.06926627053963 2
      vertex 2.5722386570711646 92.43886129098215 70
      vertex 2.704481869954853 92.06926627053963 70
    endloop
  endfacet
  facet normal 0.970031253194544 0.24298017990326415 0
    outer loop
      vertex 2.5722386570711646 92.43886129098215 2
      vertex 2.476858878387078 92.81963871193548 70
      vertex 2.5722386570711646 92.43886129098215 70
    endloop
  endfacet
  facet normal 0.8577286100002688 0.5141027441932273 0
    outer loop
      vertex 3.074121550789819 91.37771906792159 2
      vertex 2.8723149426065797 91.714413052696 70
      vertex 3.074121550789819 91.37771906792159 70
    endloop
  endfacet
  facet normal 0.903989293123441 0.42755509343028714 0
    outer loop
      vertex 2.8723149426065797 91.714413052696 2
      vertex 2.704481869954853 92.06926627053963 70
      vertex 2.8723149426065797 91.714413052696 70
    endloop
  endfacet
  facet normal 0.9891765099647809 0.1467304744553619 0
    outer loop
      vertex 2.476858878387078 92.81963871193548 2
      vertex 2.419261093311212 93.20793143868175 70
      vertex 2.476858878387078 92.81963871193548 70
    endloop
  endfacet
  facet normal 0.9987954562051724 0.04906767432741789 0
    outer loop
      vertex 2.419261093311212 93.20793143868175 2
      vertex 2.4 93.6 70
      vertex 2.419261093311212 93.20793143868175 70
    endloop
  endfacet
  facet normal 0.5141027441932383 0.8577286100002621 0
    outer loop
      vertex 4.514413052696009 90.07231494260657 2
      vertex 4.177719067921592 90.27412155078981 70
      vertex 4.514413052696009 90.07231494260657 70
    endloop
  endfacet
  facet normal 0.42755509343026243 0.9039892931234527 0
    outer loop
      vertex 4.86926627053964 89.90448186995485 2
      vertex 4.514413052696009 90.07231494260657 70
      vertex 4.86926627053964 89.90448186995485 70
    endloop
  endfacet
  facet normal 0.3368898533922314 0.9415440651830168 0
    outer loop
      vertex 5.23886129098215 89.77223865707116 2
      vertex 4.86926627053964 89.90448186995485 70
      vertex 5.23886129098215 89.77223865707116 70
    endloop
  endfacet
  facet normal 0.6715589548470254 0.7409511253549527 0
    outer loop
      vertex 3.862426863345418 90.50795818654905 2
      vertex 3.5715728752538096 90.77157287525381 70
      vertex 3.862426863345418 90.50795818654905 70
    endloop
  endfacet
  facet normal 0.5956993044924309 0.8032075314806467 0
    outer loop
      vertex 4.177719067921592 90.27412155078981 2
      vertex 3.862426863345418 90.50795818654905 70
      vertex 4.177719067921592 90.27412155078981 70
    endloop
  endfacet
  facet normal 0.1467304744553382 0.9891765099647846 0
    outer loop
      vertex 6.007931438681757 89.61926109331121 2
      vertex 5.619638711935487 89.67685887838707 70
      vertex 6.007931438681757 89.61926109331121 70
    endloop
  endfacet
  facet normal 0.04906767432742421 0.9987954562051721 0
    outer loop
      vertex 6.4 89.6 2
      vertex 6.007931438681757 89.61926109331121 70
      vertex 6.4 89.6 70
    endloop
  endfacet
  facet normal 0.24298017990327478 0.9700312531945413 0
    outer loop
      vertex 5.619638711935487 89.67685887838707 2
      vertex 5.23886129098215 89.77223865707116 70
      vertex 5.619638711935487 89.67685887838707 70
    endloop
  endfacet
  facet normal 1 0 0
    outer loop
      vertex 2.4 93.6 2
      vertex 2.4 143.6 70
      vertex 2.4 93.6 70
    endloop
  endfacet
  facet normal 0 0 1
    outer loop
      vertex 0 8 70
      vertex 2.4 83.2 70
      vertex 0 142 70
    endloop
  endfacet
  facet normal 0 0 1
    outer loop
      vertex 2.8723149426065797 85.085586947304 70
      vertex 2.704481869954853 92.06926627053963 70
      vertex 2.704481869954853 84.73073372946037 70
    endloop
  endfacet
  facet normal 0 0 1
    outer loop
      vertex 2.8723149426065797 85.085586947304 70
      vertex 3.074121550789819 85.42228093207841 70
      vertex 2.8723149426065797 91.714413052696 70
    endloop
  endfacet
  facet normal 0 0 1
    outer loop
      vertex 3.307958186549052 85.73757313665459 70
      vertex 3.074121550789819 91.37771906792159 70
      vertex 3.074121550789819 85.42228093207841 70
    endloop
  endfacet
  facet normal 0 0 1
    outer loop
      vertex 3.307958186549052 85.73757313665459 70
      vertex 3.5715728752538096 86.02842712474619 70
      vertex 3.307958186549052 91.06242686334541 70
    endloop
  endfacet
  facet normal 0 0 1
    outer loop
      vertex 3.5715728752538096 86.02842712474619 70
      vertex 3.862426863345418 86.29204181345095 70
      vertex 3.5715728752538096 90.77157287525381 70
    endloop
  endfacet
  facet normal 0 0 1
    outer loop
      vertex 4.177719067921592 86.52587844921018 70
      vertex 3.862426863345418 90.50795818654905 70
      vertex 3.862426863345418 86.29204181345095 70
    endloop
  endfacet
  facet normal 0 0 1
    outer loop
      vertex 4.514413052696009 86.72768505739343 70
      vertex 4.177719067921592 90.27412155078981 70
      vertex 4.177719067921592 86.52587844921018 70
    endloop
  endfacet
  facet normal 0 0 1
    outer loop
      vertex 4.514413052696009 86.72768505739343 70
      vertex 4.514413052696009 90.07231494260657 70
      vertex 4.177719067921592 90.27412155078981 70
    endloop
  endfacet
  facet normal 0 0 1
    outer loop
      vertex 4.86926627053964 86.89551813004515 70
      vertex 4.514413052696009 90.07231494260657 70
      vertex 4.514413052696009 86.72768505739343 70
    endloop
  endfacet
  facet normal 0 0 1
    outer loop
      vertex 4.86926627053964 86.89551813004515 70
      vertex 5.23886129098215 87.02776134292884 70
      vertex 4.86926627053964 89.90448186995485 70
    endloop
  endfacet
  facet normal 0 0 1
    outer loop
      vertex 5.619638711935487 87.12314112161292 70
      vertex 5.23886129098215 89.77223865707116 70
      vertex 5.23886129098215 87.02776134292884 70
    endloop
  endfacet
  facet normal 0 0 1
    outer loop
      vertex 4.86926627053964 86.89551813004515 70
      vertex 4.86926627053964 89.90448186995485 70
      vertex 4.514413052696009 90.07231494260657 70
    endloop
  endfacet
  facet normal 0 0 1
    outer loop
      vertex 4.86926627053964 89.90448186995485 70
      vertex 5.23886129098215 87.02776134292884 70
      vertex 5.23886129098215 89.77223865707116 70
    endloop
  endfacet
  facet normal 0 0 1
    outer loop
      vertex 6.007931438681757 87.18073890668879 70
      vertex 5.619638711935487 89.67685887838707 70
      vertex 5.619638711935487 87.12314112161292 70
    endloop
  endfacet
  facet normal 0 0 1
    outer loop
      vertex 6.007931438681757 87.18073890668879 70
      vertex 6.4 87.2 70
      vertex 6.007931438681757 89.61926109331121 70
    endloop
  endfacet
  facet normal 0 0 1
    outer loop
      vertex 5.619638711935487 87.12314112161292 70
      vertex 5.619638711935487 89.67685887838707 70
      vertex 5.23886129098215 89.77223865707116 70
    endloop
  endfacet
  facet normal 0 0 1
    outer loop
      vertex 6.007931438681757 87.18073890668879 70
      vertex 6.007931438681757 89.61926109331121 70
      vertex 5.619638711935487 89.67685887838707 70
    endloop
  endfacet
  facet normal 0 0 1
    outer loop
      vertex 6.4 89.6 70
      vertex 6.007931438681757 89.61926109331121 70
      vertex 6.4 87.2 70
    endloop
  endfacet
  facet normal 0 0 1
    outer loop
      vertex 2.5722386570711646 92.43886129098215 70
      vertex 2.704481869954853 84.73073372946037 70
      vertex 2.704481869954853 92.06926627053963 70
    endloop
  endfacet
  facet normal 0 0 1
    outer loop
      vertex 2.5722386570711646 92.43886129098215 70
      vertex 2.476858878387078 92.81963871193548 70
      vertex 2.704481869954853 84.73073372946037 70
    endloop
  endfacet
  facet normal 0 0 1
    outer loop
      vertex 2.8723149426065797 85.085586947304 70
      vertex 2.8723149426065797 91.714413052696 70
      vertex 2.704481869954853 92.06926627053963 70
    endloop
  endfacet
  facet normal 0 0 1
    outer loop
      vertex 3.074121550789819 91.37771906792159 70
      vertex 2.8723149426065797 91.714413052696 70
      vertex 3.074121550789819 85.42228093207841 70
    endloop
  endfacet
  facet normal 0 0 1
    outer loop
      vertex 3.5715728752538096 86.02842712474619 70
      vertex 3.5715728752538096 90.77157287525381 70
      vertex 3.307958186549052 91.06242686334541 70
    endloop
  endfacet
  facet normal 0 0 1
    outer loop
      vertex 3.307958186549052 85.73757313665459 70
      vertex 3.307958186549052 91.06242686334541 70
      vertex 3.074121550789819 91.37771906792159 70
    endloop
  endfacet
  facet normal 0 0 1
    outer loop
      vertex 2.419261093311212 93.20793143868175 70
      vertex 2.704481869954853 84.73073372946037 70
      vertex 2.476858878387078 92.81963871193548 70
    endloop
  endfacet
  facet normal 0 0 1
    outer loop
      vertex 2.419261093311212 93.20793143868175 70
      vertex 2.4 93.6 70
      vertex 2.704481869954853 84.73073372946037 70
    endloop
  endfacet
  facet normal 0 0 1
    outer loop
      vertex 3.862426863345418 90.50795818654905 70
      vertex 3.5715728752538096 90.77157287525381 70
      vertex 3.862426863345418 86.29204181345095 70
    endloop
  endfacet
  facet normal 0 0 1
    outer loop
      vertex 4.177719067921592 86.52587844921018 70
      vertex 4.177719067921592 90.27412155078981 70
      vertex 3.862426863345418 90.50795818654905 70
    endloop
  endfacet
  facet normal 0 0 1
    outer loop
      vertex 0 142 70
      vertex 2.4 83.2 70
      vertex 2.419261093311212 83.59206856131824 70
    endloop
  endfacet
  facet normal 0 0 1
    outer loop
      vertex 0 142 70
      vertex 2.419261093311212 83.59206856131824 70
      vertex 2.476858878387078 83.98036128806451 70
    endloop
  endfacet
  facet normal 0 0 1
    outer loop
      vertex 0 142 70
      vertex 2.476858878387078 83.98036128806451 70
      vertex 2.5722386570711646 84.36113870901785 70
    endloop
  endfacet
  facet normal 0 0 1
    outer loop
      vertex 0 142 70
      vertex 2.5722386570711646 84.36113870901785 70
      vertex 2.704481869954853 84.73073372946037 70
    endloop
  endfacet
  facet normal 0 0 1
    outer loop
      vertex 0 142 70
      vertex 2.704481869954853 84.73073372946037 70
      vertex 2.4 93.6 70
    endloop
  endfacet
  facet normal 0 0 1
    outer loop
      vertex 6.4 89.6 70
      vertex 6.4 87.2 70
      vertex 88.4 89.6 70
    endloop
  endfacet
  facet normal -0.9987954562051724 0.04906767432741788 0
    outer loop
      vertex 0.03852218662242457 142.78413712263648 0
      vertex 0 142 70
      vertex 0.03852218662242457 142.78413712263648 70
    endloop
  endfacet
  facet normal -0.9891765099647809 0.1467304744553619 0
    outer loop
      vertex 0.03852218662242457 142.78413712263648 0
      vertex 0.03852218662242457 142.78413712263648 70
      vertex 0.15371775677415656 143.56072257612902 70
    endloop
  endfacet
  facet normal -0.9700312531945439 0.24298017990326415 0
    outer loop
      vertex 0.15371775677415656 143.56072257612902 0
      vertex 0.15371775677415656 143.56072257612902 70
      vertex 0.3444773141423294 144.3222774180357 70
    endloop
  endfacet
  facet normal -0.941544065183023 0.33688985339221356 0
    outer loop
      vertex 0.6089637399097061 145.06146745892073 0
      vertex 0.3444773141423294 144.3222774180357 70
      vertex 0.6089637399097061 145.06146745892073 70
    endloop
  endfacet
  facet normal 0.9987954562051724 -0.04906767432741789 0
    outer loop
      vertex 2.4 143.6 2
      vertex 2.419261093311212 143.99206856131823 70
      vertex 2.4 143.6 70
    endloop
  endfacet
  facet normal 0.9891765099647809 -0.1467304744553619 0
    outer loop
      vertex 2.419261093311212 143.99206856131823 2
      vertex 2.476858878387078 144.3803612880645 70
      vertex 2.419261093311212 143.99206856131823 70
    endloop
  endfacet
  facet normal 0.970031253194544 -0.24298017990326415 0
    outer loop
      vertex 2.476858878387078 144.3803612880645 2
      vertex 2.5722386570711646 144.76113870901784 70
      vertex 2.476858878387078 144.3803612880645 70
    endloop
  endfacet
  facet normal 0.9415440651830231 -0.3368898533922136 0
    outer loop
      vertex 2.5722386570711646 144.76113870901784 2
      vertex 2.704481869954853 145.13073372946036 70
      vertex 2.5722386570711646 144.76113870901784 70
    endloop
  endfacet
  facet normal 0.9039892931234476 -0.4275550934302731 0
    outer loop
      vertex 2.704481869954853 145.13073372946036 2
      vertex 2.8723149426065797 145.485586947304 70
      vertex 2.704481869954853 145.13073372946036 70
    endloop
  endfacet
  facet normal -0.9039892931234409 0.4275550934302871 0
    outer loop
      vertex 0.9446298852131596 145.77117389460798 0
      vertex 0.6089637399097061 145.06146745892073 70
      vertex 0.9446298852131596 145.77117389460798 70
    endloop
  endfacet
  facet normal -0.8577286100002688 0.5141027441932273 0
    outer loop
      vertex 1.3482431015796381 146.4445618641568 0
      vertex 0.9446298852131596 145.77117389460798 70
      vertex 1.3482431015796381 146.4445618641568 70
    endloop
  endfacet
  facet normal -0.8032075314806524 0.5956993044924233 0
    outer loop
      vertex 1.3482431015796381 146.4445618641568 0
      vertex 1.3482431015796381 146.4445618641568 70
      vertex 1.815916373098104 147.07514627330917 70
    endloop
  endfacet
  facet normal -0.7409511253549478 0.671558954847031 0
    outer loop
      vertex 2.3431457505076194 147.65685424949237 0
      vertex 1.815916373098104 147.07514627330917 70
      vertex 2.3431457505076194 147.65685424949237 70
    endloop
  endfacet
  facet normal 0.8577286100002592 -0.5141027441932433 0
    outer loop
      vertex 2.8723149426065797 145.485586947304 2
      vertex 3.074121550789819 145.8222809320784 70
      vertex 2.8723149426065797 145.485586947304 70
    endloop
  endfacet
  facet normal 0.8032075314806396 -0.5956993044924406 0
    outer loop
      vertex 3.074121550789819 145.8222809320784 2
      vertex 3.307958186549052 146.13757313665457 70
      vertex 3.074121550789819 145.8222809320784 70
    endloop
  endfacet
  facet normal 0.7409511253549641 -0.671558954847013 0
    outer loop
      vertex 3.307958186549052 146.13757313665457 2
      vertex 3.5715728752538096 146.42842712474618 70
      vertex 3.307958186549052 146.13757313665457 70
    endloop
  endfacet
  facet normal -0.6715589548470254 0.7409511253549527 0
    outer loop
      vertex 2.924853726690836 148.1840836269019 0
      vertex 2.3431457505076194 147.65685424949237 70
      vertex 2.924853726690836 148.1840836269019 70
    endloop
  endfacet
  facet normal -0.5956993044924316 0.8032075314806464 0
    outer loop
      vertex 2.924853726690836 148.1840836269019 0
      vertex 2.924853726690836 148.1840836269019 70
      vertex 3.5554381358431826 148.65175689842036 70
    endloop
  endfacet
  facet normal 0.6715589548470254 -0.7409511253549527 0
    outer loop
      vertex 3.5715728752538096 146.42842712474618 2
      vertex 3.862426863345418 146.69204181345094 70
      vertex 3.5715728752538096 146.42842712474618 70
    endloop
  endfacet
  facet normal 0.5956993044924542 -0.8032075314806294 0
    outer loop
      vertex 3.862426863345418 146.69204181345094 2
      vertex 4.177719067921592 146.9258784492102 70
      vertex 3.862426863345418 146.69204181345094 70
    endloop
  endfacet
  facet normal 0.5141027441932117 -0.8577286100002781 0
    outer loop
      vertex 4.177719067921592 146.9258784492102 2
      vertex 4.514413052696009 147.12768505739342 70
      vertex 4.177719067921592 146.9258784492102 70
    endloop
  endfacet
  facet normal 0.42755509343026243 -0.9039892931234527 0
    outer loop
      vertex 4.514413052696009 147.12768505739342 2
      vertex 4.86926627053964 147.29551813004514 70
      vertex 4.514413052696009 147.12768505739342 70
    endloop
  endfacet
  facet normal 0.3368898533921993 -0.9415440651830282 0
    outer loop
      vertex 4.86926627053964 147.29551813004514 2
      vertex 5.23886129098215 147.42776134292882 70
      vertex 4.86926627053964 147.29551813004514 70
    endloop
  endfacet
  facet normal 0.24298017990330886 -0.9700312531945328 0
    outer loop
      vertex 5.23886129098215 147.42776134292882 2
      vertex 5.619638711935487 147.52314112161292 70
      vertex 5.23886129098215 147.42776134292882 70
    endloop
  endfacet
  facet normal 0.1467304744553736 -0.9891765099647791 0
    outer loop
      vertex 5.619638711935487 147.52314112161292 2
      vertex 6.007931438681757 147.5807389066888 70
      vertex 5.619638711935487 147.52314112161292 70
    endloop
  endfacet
  facet normal 0.049067674327388094 -0.9987954562051738 0
    outer loop
      vertex 6.007931438681757 147.5807389066888 2
      vertex 6.4 147.6 70
      vertex 6.007931438681757 147.5807389066888 70
    endloop
  endfacet
  facet normal -0.5141027441932372 0.8577286100002627 0
    outer loop
      vertex 3.5554381358431826 148.65175689842036 0
      vertex 3.5554381358431826 148.65175689842036 70
      vertex 4.228826105392018 149.05537011478685 70
    endloop
  endfacet
  facet normal -0.42755509343026243 0.9039892931234526 0
    outer loop
      vertex 4.938532541079281 149.3910362600903 0
      vertex 4.228826105392018 149.05537011478685 70
      vertex 4.938532541079281 149.3910362600903 70
    endloop
  endfacet
  facet normal -0.3368898533922314 0.9415440651830168 0
    outer loop
      vertex 5.677722581964302 149.65552268585768 0
      vertex 4.938532541079281 149.3910362600903 70
      vertex 5.677722581964302 149.65552268585768 70
    endloop
  endfacet
  facet normal -0.24298017990327478 0.9700312531945413 0
    outer loop
      vertex 5.677722581964302 149.65552268585768 0
      vertex 5.677722581964302 149.65552268585768 70
      vertex 6.4392774238709745 149.84628224322586 70
    endloop
  endfacet
  facet normal -0.1467304744553382 0.9891765099647845 0
    outer loop
      vertex 6.4392774238709745 149.84628224322586 0
      vertex 6.4392774238709745 149.84628224322586 70
      vertex 7.215862877363515 149.96147781337757 70
    endloop
  endfacet
  facet normal -0.04906767432742433 0.9987954562051721 0
    outer loop
      vertex 8 150 0
      vertex 7.215862877363515 149.96147781337757 70
      vertex 8 150 70
    endloop
  endfacet
  facet normal 0 -1 0
    outer loop
      vertex 6.4 147.6 2
      vertex 88.4 147.6 70
      vertex 6.4 147.6 70
    endloop
  endfacet
  facet normal 0 0 1
    outer loop
      vertex 0 142 70
      vertex 2.4 93.6 70
      vertex 2.4 143.6 70
    endloop
  endfacet
  facet normal 0 0 1
    outer loop
      vertex 0 142 70
      vertex 0.15371775677415656 143.56072257612902 70
      vertex 0.03852218662242457 142.78413712263648 70
    endloop
  endfacet
  facet normal 0 0 1
    outer loop
      vertex 0 142 70
      vertex 0.9446298852131596 145.77117389460798 70
      vertex 0.15371775677415656 143.56072257612902 70
    endloop
  endfacet
  facet normal 0 0 1
    outer loop
      vertex 0 142 70
      vertex 2.4 143.6 70
      vertex 2.419261093311212 143.99206856131823 70
    endloop
  endfacet
  facet normal 0 0 1
    outer loop
      vertex 0 142 70
      vertex 2.419261093311212 143.99206856131823 70
      vertex 2.476858878387078 144.3803612880645 70
    endloop
  endfacet
  facet normal 0 0 1
    outer loop
      vertex 0 142 70
      vertex 2.476858878387078 144.3803612880645 70
      vertex 2.5722386570711646 144.76113870901784 70
    endloop
  endfacet
  facet normal 0 0 1
    outer loop
      vertex 0 142 70
      vertex 2.5722386570711646 144.76113870901784 70
      vertex 2.704481869954853 145.13073372946036 70
    endloop
  endfacet
  facet normal 0 0 1
    outer loop
      vertex 0.15371775677415656 143.56072257612902 70
      vertex 0.9446298852131596 145.77117389460798 70
      vertex 0.3444773141423294 144.3222774180357 70
    endloop
  endfacet
  facet normal 0 0 1
    outer loop
      vertex 0.3444773141423294 144.3222774180357 70
      vertex 0.9446298852131596 145.77117389460798 70
      vertex 0.6089637399097061 145.06146745892073 70
    endloop
  endfacet
  facet normal 0 0 1
    outer loop
      vertex 0 142 70
      vertex 2.704481869954853 145.13073372946036 70
      vertex 2.8723149426065797 145.485586947304 70
    endloop
  endfacet
  facet normal 0 0 1
    outer loop
      vertex 0 142 70
      vertex 2.8723149426065797 145.485586947304 70
      vertex 3.074121550789819 145.8222809320784 70
    endloop
  endfacet
  facet normal 0 0 1
    outer loop
      vertex 0 142 70
      vertex 3.5554381358431826 148.65175689842036 70
      vertex 0.9446298852131596 145.77117389460798 70
    endloop
  endfacet
  facet normal 0 0 1
    outer loop
      vertex 0.9446298852131596 145.77117389460798 70
      vertex 1.815916373098104 147.07514627330917 70
      vertex 1.3482431015796381 146.4445618641568 70
    endloop
  endfacet
  facet normal 0 0 1
    outer loop
      vertex 0 142 70
      vertex 3.074121550789819 145.8222809320784 70
      vertex 3.5554381358431826 148.65175689842036 70
    endloop
  endfacet
  facet normal 0 0 1
    outer loop
      vertex 0.9446298852131596 145.77117389460798 70
      vertex 3.5554381358431826 148.65175689842036 70
      vertex 1.815916373098104 147.07514627330917 70
    endloop
  endfacet
  facet normal 0 0 1
    outer loop
      vertex 3.5554381358431826 148.65175689842036 70
      vertex 3.074121550789819 145.8222809320784 70
      vertex 3.307958186549052 146.13757313665457 70
    endloop
  endfacet
  facet normal 0 0 1
    outer loop
      vertex 3.5554381358431826 148.65175689842036 70
      vertex 3.307958186549052 146.13757313665457 70
      vertex 3.5715728752538096 146.42842712474618 70
    endloop
  endfacet
  facet normal 0 0 1
    outer loop
      vertex 1.815916373098104 147.07514627330917 70
      vertex 3.5554381358431826 148.65175689842036 70
      vertex 2.3431457505076194 147.65685424949237 70
    endloop
  endfacet
  facet normal 0 0 1
    outer loop
      vertex 2.3431457505076194 147.65685424949237 70
      vertex 3.5554381358431826 148.65175689842036 70
      vertex 2.924853726690836 148.1840836269019 70
    endloop
  endfacet
  facet normal 0 0 1
    outer loop
      vertex 3.5554381358431826 148.65175689842036 70
      vertex 3.5715728752538096 146.42842712474618 70
      vertex 3.862426863345418 146.69204181345094 70
    endloop
  endfacet
  facet normal 0 0 1
    outer loop
      vertex 3.5554381358431826 148.65175689842036 70
      vertex 3.862426863345418 146.69204181345094 70
      vertex 4.177719067921592 146.9258784492102 70
    endloop
  endfacet
  facet normal 0 0 1
    outer loop
      vertex 3.5554381358431826 148.65175689842036 70
      vertex 4.177719067921592 146.9258784492102 70
      vertex 4.514413052696009 147.12768505739342 70
    endloop
  endfacet
  facet normal 0 0 1
    outer loop
      vertex 3.5554381358431826 148.65175689842036 70
      vertex 4.514413052696009 147.12768505739342 70
      vertex 4.86926627053964 147.29551813004514 70
    endloop
  endfacet
  facet normal 0 0 1
    outer loop
      vertex 3.5554381358431826 148.65175689842036 70
      vertex 4.86926627053964 147.29551813004514 70
      vertex 5.23886129098215 147.42776134292882 70
    endloop
  endfacet
  facet normal 0 0 1
    outer loop
      vertex 3.5554381358431826 148.65175689842036 70
      vertex 5.23886129098215 147.42776134292882 70
      vertex 5.619638711935487 147.52314112161292 70
    endloop
  endfacet
  facet normal 0 0 1
    outer loop
      vertex 3.5554381358431826 148.65175689842036 70
      vertex 5.619638711935487 147.52314112161292 70
      vertex 6.007931438681757 147.5807389066888 70
    endloop
  endfacet
  facet normal 0 0 1
    outer loop
      vertex 3.5554381358431826 148.65175689842036 70
      vertex 6.007931438681757 147.5807389066888 70
      vertex 6.4 147.6 70
    endloop
  endfacet
  facet normal 0 0 1
    outer loop
      vertex 3.5554381358431826 148.65175689842036 70
      vertex 5.677722581964302 149.65552268585768 70
      vertex 4.228826105392018 149.05537011478685 70
    endloop
  endfacet
  facet normal 0 0 1
    outer loop
      vertex 4.228826105392018 149.05537011478685 70
      vertex 5.677722581964302 149.65552268585768 70
      vertex 4.938532541079281 149.3910362600903 70
    endloop
  endfacet
  facet normal 0 0 1
    outer loop
      vertex 3.5554381358431826 148.65175689842036 70
      vertex 8 150 70
      vertex 5.677722581964302 149.65552268585768 70
    endloop
  endfacet
  facet normal 0 0 1
    outer loop
      vertex 5.677722581964302 149.65552268585768 70
      vertex 8 150 70
      vertex 6.4392774238709745 149.84628224322586 70
    endloop
  endfacet
  facet normal 0 0 1
    outer loop
      vertex 6.4392774238709745 149.84628224322586 70
      vertex 8 150 70
      vertex 7.215862877363515 149.96147781337757 70
    endloop
  endfacet
  facet normal 0 0 1
    outer loop
      vertex 3.5554381358431826 148.65175689842036 70
      vertex 6.4 147.6 70
      vertex 88.4 147.6 70
    endloop
  endfacet
  facet normal 0 1 0
    outer loop
      vertex 88.4 89.6 2
      vertex 6.4 89.6 70
      vertex 88.4 89.6 70
    endloop
  endfacet
  facet normal -0.049067674327424655 0.9987954562051721 0
    outer loop
      vertex 88.79206856131825 89.61926109331121 2
      vertex 88.4 89.6 70
      vertex 88.79206856131825 89.61926109331121 70
    endloop
  endfacet
  facet normal -0.14673047445533755 0.9891765099647846 0
    outer loop
      vertex 89.18036128806452 89.67685887838707 2
      vertex 88.79206856131825 89.61926109331121 70
      vertex 89.18036128806452 89.67685887838707 70
    endloop
  endfacet
  facet normal -0.24298017990327478 0.9700312531945413 0
    outer loop
      vertex 89.56113870901785 89.77223865707116 2
      vertex 89.18036128806452 89.67685887838707 70
      vertex 89.56113870901785 89.77223865707116 70
    endloop
  endfacet
  facet normal -0.33688985339222566 0.9415440651830188 0
    outer loop
      vertex 89.93073372946037 89.90448186995485 2
      vertex 89.56113870901785 89.77223865707116 70
      vertex 89.93073372946037 89.90448186995485 70
    endloop
  endfacet
  facet normal -0.4275550934302677 0.9039892931234502 0
    outer loop
      vertex 90.285586947304 90.07231494260657 2
      vertex 89.93073372946037 89.90448186995485 70
      vertex 90.285586947304 90.07231494260657 70
    endloop
  endfacet
  facet normal -0.5141027441932423 0.8577286100002598 0
    outer loop
      vertex 90.62228093207841 90.27412155078981 2
      vertex 90.285586947304 90.07231494260657 70
      vertex 90.62228093207841 90.27412155078981 70
    endloop
  endfacet
  facet normal -0.5956993044924217 0.8032075314806535 0
    outer loop
      vertex 90.93757313665459 90.50795818654905 2
      vertex 90.62228093207841 90.27412155078981 70
      vertex 90.93757313665459 90.50795818654905 70
    endloop
  endfacet
  facet normal -0.6715589548470384 0.740951125354941 0
    outer loop
      vertex 91.22842712474619 90.77157287525381 2
      vertex 90.93757313665459 90.50795818654905 70
      vertex 91.22842712474619 90.77157287525381 70
    endloop
  endfacet
  facet normal -0.740951125354941 0.6715589548470384 0
    outer loop
      vertex 91.49204181345095 91.06242686334541 2
      vertex 91.22842712474619 90.77157287525381 70
      vertex 91.49204181345095 91.06242686334541 70
    endloop
  endfacet
  facet normal -0.8032075314806535 0.5956993044924217 0
    outer loop
      vertex 91.72587844921019 91.37771906792159 2
      vertex 91.49204181345095 91.06242686334541 70
      vertex 91.72587844921019 91.37771906792159 70
    endloop
  endfacet
  facet normal -0.8577286100002598 0.5141027441932423 0
    outer loop
      vertex 91.92768505739343 91.714413052696 2
      vertex 91.72587844921019 91.37771906792159 70
      vertex 91.92768505739343 91.714413052696 70
    endloop
  endfacet
  facet normal -0.9039892931234502 0.4275550934302677 0
    outer loop
      vertex 92.09551813004515 92.06926627053963 2
      vertex 91.92768505739343 91.714413052696 70
      vertex 92.09551813004515 92.06926627053963 70
    endloop
  endfacet
  facet normal -0.9415440651830188 0.33688985339222566 0
    outer loop
      vertex 92.22776134292884 92.43886129098215 2
      vertex 92.09551813004515 92.06926627053963 70
      vertex 92.22776134292884 92.43886129098215 70
    endloop
  endfacet
  facet normal -0.9700312531945413 0.24298017990327478 0
    outer loop
      vertex 92.32314112161293 92.81963871193548 2
      vertex 92.22776134292884 92.43886129098215 70
      vertex 92.32314112161293 92.81963871193548 70
    endloop
  endfacet
  facet normal -0.9891765099647846 0.14673047445533755 0
    outer loop
      vertex 92.38073890668879 93.20793143868175 2
      vertex 92.32314112161293 92.81963871193548 70
      vertex 92.38073890668879 93.20793143868175 70
    endloop
  endfacet
  facet normal -0.9987954562051721 0.049067674327424655 0
    outer loop
      vertex 92.4 93.6 2
      vertex 92.38073890668879 93.20793143868175 70
      vertex 92.4 93.6 70
    endloop
  endfacet
  facet normal 0.5141027441932423 0.8577286100002598 0
    outer loop
      vertex 96.914413052696 90.07231494260657 2
      vertex 96.57771906792159 90.27412155078981 70
      vertex 96.914413052696 90.07231494260657 70
    endloop
  endfacet
  facet normal 0.8032075314806535 0.5956993044924217 0
    outer loop
      vertex 95.70795818654905 91.06242686334541 2
      vertex 95.47412155078982 91.37771906792159 70
      vertex 95.70795818654905 91.06242686334541 70
    endloop
  endfacet
  facet normal 0.740951125354941 0.6715589548470384 0
    outer loop
      vertex 95.97157287525381 90.77157287525381 2
      vertex 95.70795818654905 91.06242686334541 70
      vertex 95.97157287525381 90.77157287525381 70
    endloop
  endfacet
  facet normal 0.5956993044924217 0.8032075314806535 0
    outer loop
      vertex 96.57771906792159 90.27412155078981 2
      vertex 96.26242686334541 90.50795818654905 70
      vertex 96.57771906792159 90.27412155078981 70
    endloop
  endfacet
  facet normal 0.6715589548470384 0.740951125354941 0
    outer loop
      vertex 96.26242686334541 90.50795818654905 2
      vertex 95.97157287525381 90.77157287525381 70
      vertex 96.26242686334541 90.50795818654905 70
    endloop
  endfacet
  facet normal 0.9039892931234502 0.4275550934302677 0
    outer loop
      vertex 95.27231494260657 91.714413052696 2
      vertex 95.10448186995485 92.06926627053963 70
      vertex 95.27231494260657 91.714413052696 70
    endloop
  endfacet
  facet normal 0.9415440651830188 0.33688985339222566 0
    outer loop
      vertex 95.10448186995485 92.06926627053963 2
      vertex 94.97223865707116 92.43886129098215 70
      vertex 95.10448186995485 92.06926627053963 70
    endloop
  endfacet
  facet normal 0.9700312531945497 0.24298017990324072 0
    outer loop
      vertex 94.97223865707116 92.43886129098215 2
      vertex 94.87685887838708 92.81963871193548 70
      vertex 94.97223865707116 92.43886129098215 70
    endloop
  endfacet
  facet normal 0.9891765099647793 0.14673047445537296 0
    outer loop
      vertex 94.87685887838708 92.81963871193548 2
      vertex 94.81926109331121 93.20793143868175 70
      vertex 94.87685887838708 92.81963871193548 70
    endloop
  endfacet
  facet normal 0.9987954562051721 0.049067674327424655 0
    outer loop
      vertex 94.81926109331121 93.20793143868175 2
      vertex 94.8 93.6 70
      vertex 94.81926109331121 93.20793143868175 70
    endloop
  endfacet
  facet normal 0.8577286100002598 0.5141027441932423 0
    outer loop
      vertex 95.47412155078982 91.37771906792159 2
      vertex 95.27231494260657 91.714413052696 70
      vertex 95.47412155078982 91.37771906792159 70
    endloop
  endfacet
  facet normal 0.33688985339222566 0.9415440651830188 0
    outer loop
      vertex 97.26926627053963 89.90448186995485 2
      vertex 97.26926627053963 89.90448186995485 70
      vertex 97.63886129098215 89.77223865707116 70
    endloop
  endfacet
  facet normal 0.4275550934302677 0.9039892931234502 0
    outer loop
      vertex 97.26926627053963 89.90448186995485 2
      vertex 96.914413052696 90.07231494260657 70
      vertex 97.26926627053963 89.90448186995485 70
    endloop
  endfacet
  facet normal 0.24298017990327478 0.9700312531945413 0
    outer loop
      vertex 98.01963871193549 89.67685887838707 2
      vertex 97.63886129098215 89.77223865707116 70
      vertex 98.01963871193549 89.67685887838707 70
    endloop
  endfacet
  facet normal 0.14673047445533755 0.9891765099647846 0
    outer loop
      vertex 98.40793143868176 89.61926109331121 2
      vertex 98.01963871193549 89.67685887838707 70
      vertex 98.40793143868176 89.61926109331121 70
    endloop
  endfacet
  facet normal 0.049067674327424655 0.9987954562051721 0
    outer loop
      vertex 98.8 89.6 2
      vertex 98.40793143868176 89.61926109331121 70
      vertex 98.8 89.6 70
    endloop
  endfacet
  facet normal 1 0 0
    outer loop
      vertex 94.8 93.6 2
      vertex 94.8 143.6 70
      vertex 94.8 93.6 70
    endloop
  endfacet
  facet normal 0 0 1
    outer loop
      vertex 6.4 87.2 70
      vertex 97.63886129098215 89.77223865707116 70
      vertex 88.4 89.6 70
    endloop
  endfacet
  facet normal 0 0 1
    outer loop
      vertex 6.4 87.2 70
      vertex 98.01963871193549 89.67685887838707 70
      vertex 97.63886129098215 89.77223865707116 70
    endloop
  endfacet
  facet normal 0 0 1
    outer loop
      vertex 6.4 87.2 70
      vertex 98.40793143868176 89.61926109331121 70
      vertex 98.01963871193549 89.67685887838707 70
    endloop
  endfacet
  facet normal 0 0 1
    outer loop
      vertex 6.4 87.2 70
      vertex 98.8 89.6 70
      vertex 98.40793143868176 89.61926109331121 70
    endloop
  endfacet
  facet normal 0 0 1
    outer loop
      vertex 88.79206856131825 89.61926109331121 70
      vertex 88.4 89.6 70
      vertex 97.63886129098215 89.77223865707116 70
    endloop
  endfacet
  facet normal 0 0 1
    outer loop
      vertex 88.79206856131825 89.61926109331121 70
      vertex 97.63886129098215 89.77223865707116 70
      vertex 89.18036128806452 89.67685887838707 70
    endloop
  endfacet
  facet normal 0 0 1
    outer loop
      vertex 89.56113870901785 89.77223865707116 70
      vertex 89.18036128806452 89.67685887838707 70
      vertex 97.63886129098215 89.77223865707116 70
    endloop
  endfacet
  facet normal 0 0 1
    outer loop
      vertex 89.56113870901785 89.77223865707116 70
      vertex 97.26926627053963 89.90448186995485 70
      vertex 89.93073372946037 89.90448186995485 70
    endloop
  endfacet
  facet normal 0 0 1
    outer loop
      vertex 89.93073372946037 89.90448186995485 70
      vertex 96.914413052696 90.07231494260657 70
      vertex 90.285586947304 90.07231494260657 70
    endloop
  endfacet
  facet normal 0 0 1
    outer loop
      vertex 90.62228093207841 90.27412155078981 70
      vertex 90.285586947304 90.07231494260657 70
      vertex 96.57771906792159 90.27412155078981 70
    endloop
  endfacet
  facet normal 0 0 1
    outer loop
      vertex 90.62228093207841 90.27412155078981 70
      vertex 96.26242686334541 90.50795818654905 70
      vertex 90.93757313665459 90.50795818654905 70
    endloop
  endfacet
  facet normal 0 0 1
    outer loop
      vertex 90.93757313665459 90.50795818654905 70
      vertex 95.97157287525381 90.77157287525381 70
      vertex 91.22842712474619 90.77157287525381 70
    endloop
  endfacet
  facet normal 0 0 1
    outer loop
      vertex 91.49204181345095 91.06242686334541 70
      vertex 91.22842712474619 90.77157287525381 70
      vertex 95.70795818654905 91.06242686334541 70
    endloop
  endfacet
  facet normal 0 0 1
    outer loop
      vertex 91.72587844921019 91.37771906792159 70
      vertex 91.49204181345095 91.06242686334541 70
      vertex 95.47412155078982 91.37771906792159 70
    endloop
  endfacet
  facet normal 0 0 1
    outer loop
      vertex 91.92768505739343 91.714413052696 70
      vertex 91.72587844921019 91.37771906792159 70
      vertex 95.27231494260657 91.714413052696 70
    endloop
  endfacet
  facet normal 0 0 1
    outer loop
      vertex 91.92768505739343 91.714413052696 70
      vertex 95.10448186995485 92.06926627053963 70
      vertex 92.09551813004515 92.06926627053963 70
    endloop
  endfacet
  facet normal 0 0 1
    outer loop
      vertex 92.22776134292884 92.43886129098215 70
      vertex 92.09551813004515 92.06926627053963 70
      vertex 94.97223865707116 92.43886129098215 70
    endloop
  endfacet
  facet normal 0 0 1
    outer loop
      vertex 92.22776134292884 92.43886129098215 70
      vertex 94.87685887838708 92.81963871193548 70
      vertex 92.32314112161293 92.81963871193548 70
    endloop
  endfacet
  facet normal 0 0 1
    outer loop
      vertex 92.32314112161293 92.81963871193548 70
      vertex 94.81926109331121 93.20793143868175 70
      vertex 92.38073890668879 93.20793143868175 70
    endloop
  endfacet
  facet normal 0 0 1
    outer loop
      vertex 92.4 93.6 70
      vertex 92.38073890668879 93.20793143868175 70
      vertex 94.8 93.6 70
    endloop
  endfacet
  facet normal 0 0 1
    outer loop
      vertex 188.4 87.2 70
      vertex 98.8 89.6 70
      vertex 6.4 87.2 70
    endloop
  endfacet
  facet normal 0 0 1
    outer loop
      vertex 89.93073372946037 89.90448186995485 70
      vertex 97.26926627053963 89.90448186995485 70
      vertex 96.914413052696 90.07231494260657 70
    endloop
  endfacet
  facet normal 0 0 1
    outer loop
      vertex 96.57771906792159 90.27412155078981 70
      vertex 90.285586947304 90.07231494260657 70
      vertex 96.914413052696 90.07231494260657 70
    endloop
  endfacet
  facet normal 0 0 1
    outer loop
      vertex 89.56113870901785 89.77223865707116 70
      vertex 97.63886129098215 89.77223865707116 70
      vertex 97.26926627053963 89.90448186995485 70
    endloop
  endfacet
  facet normal 0 0 1
    outer loop
      vertex 95.70795818654905 91.06242686334541 70
      vertex 91.22842712474619 90.77157287525381 70
      vertex 95.97157287525381 90.77157287525381 70
    endloop
  endfacet
  facet normal 0 0 1
    outer loop
      vertex 91.49204181345095 91.06242686334541 70
      vertex 95.70795818654905 91.06242686334541 70
      vertex 95.47412155078982 91.37771906792159 70
    endloop
  endfacet
  facet normal 0 0 1
    outer loop
      vertex 90.62228093207841 90.27412155078981 70
      vertex 96.57771906792159 90.27412155078981 70
      vertex 96.26242686334541 90.50795818654905 70
    endloop
  endfacet
  facet normal 0 0 1
    outer loop
      vertex 90.93757313665459 90.50795818654905 70
      vertex 96.26242686334541 90.50795818654905 70
      vertex 95.97157287525381 90.77157287525381 70
    endloop
  endfacet
  facet normal 0 0 1
    outer loop
      vertex 91.72587844921019 91.37771906792159 70
      vertex 95.47412155078982 91.37771906792159 70
      vertex 95.27231494260657 91.714413052696 70
    endloop
  endfacet
  facet normal 0 0 1
    outer loop
      vertex 91.92768505739343 91.714413052696 70
      vertex 95.27231494260657 91.714413052696 70
      vertex 95.10448186995485 92.06926627053963 70
    endloop
  endfacet
  facet normal 0 0 1
    outer loop
      vertex 95.10448186995485 92.06926627053963 70
      vertex 94.97223865707116 92.43886129098215 70
      vertex 92.09551813004515 92.06926627053963 70
    endloop
  endfacet
  facet normal 0 0 1
    outer loop
      vertex 92.22776134292884 92.43886129098215 70
      vertex 94.97223865707116 92.43886129098215 70
      vertex 94.87685887838708 92.81963871193548 70
    endloop
  endfacet
  facet normal 0 0 1
    outer loop
      vertex 92.32314112161293 92.81963871193548 70
      vertex 94.87685887838708 92.81963871193548 70
      vertex 94.81926109331121 93.20793143868175 70
    endloop
  endfacet
  facet normal 0 0 1
    outer loop
      vertex 94.81926109331121 93.20793143868175 70
      vertex 94.8 93.6 70
      vertex 92.38073890668879 93.20793143868175 70
    endloop
  endfacet
  facet normal 0 0 1
    outer loop
      vertex 92.4 93.6 70
      vertex 94.8 93.6 70
      vertex 94.8 143.6 70
    endloop
  endfacet
  facet normal -1 0 0
    outer loop
      vertex 92.4 143.6 2
      vertex 92.4 93.6 70
      vertex 92.4 143.6 70
    endloop
  endfacet
  facet normal -0.9987954562051721 -0.049067674327424655 0
    outer loop
      vertex 92.38073890668879 143.99206856131823 2
      vertex 92.4 143.6 70
      vertex 92.38073890668879 143.99206856131823 70
    endloop
  endfacet
  facet normal -0.9891765099647846 -0.14673047445533755 0
    outer loop
      vertex 92.32314112161293 144.3803612880645 2
      vertex 92.38073890668879 143.99206856131823 70
      vertex 92.32314112161293 144.3803612880645 70
    endloop
  endfacet
  facet normal -0.9700312531945413 -0.24298017990327478 0
    outer loop
      vertex 92.22776134292884 144.76113870901784 2
      vertex 92.32314112161293 144.3803612880645 70
      vertex 92.22776134292884 144.76113870901784 70
    endloop
  endfacet
  facet normal -0.9415440651830188 -0.33688985339222566 0
    outer loop
      vertex 92.09551813004515 145.13073372946036 2
      vertex 92.22776134292884 144.76113870901784 70
      vertex 92.09551813004515 145.13073372946036 70
    endloop
  endfacet
  facet normal -0.049067674327388545 -0.998795456205174 0
    outer loop
      vertex 88.4 147.6 2
      vertex 88.79206856131825 147.5807389066888 70
      vertex 88.4 147.6 70
    endloop
  endfacet
  facet normal -0.14673047445537296 -0.9891765099647793 0
    outer loop
      vertex 88.79206856131825 147.5807389066888 2
      vertex 89.18036128806452 147.52314112161292 70
      vertex 88.79206856131825 147.5807389066888 70
    endloop
  endfacet
  facet normal -0.24298017990330886 -0.9700312531945328 0
    outer loop
      vertex 89.18036128806452 147.52314112161292 2
      vertex 89.56113870901785 147.42776134292882 70
      vertex 89.18036128806452 147.52314112161292 70
    endloop
  endfacet
  facet normal -0.3368898533921936 -0.9415440651830304 0
    outer loop
      vertex 89.56113870901785 147.42776134292882 2
      vertex 89.93073372946037 147.29551813004514 70
      vertex 89.56113870901785 147.42776134292882 70
    endloop
  endfacet
  facet normal -0.8032075314806407 -0.595699304492439 0
    outer loop
      vertex 91.49204181345095 146.13757313665457 2
      vertex 91.72587844921019 145.8222809320784 70
      vertex 91.49204181345095 146.13757313665457 70
    endloop
  endfacet
  facet normal -0.7409511253549572 -0.6715589548470204 0
    outer loop
      vertex 91.22842712474619 146.42842712474618 2
      vertex 91.49204181345095 146.13757313665457 70
      vertex 91.22842712474619 146.42842712474618 70
    endloop
  endfacet
  facet normal -0.5141027441932157 -0.8577286100002758 0
    outer loop
      vertex 90.285586947304 147.12768505739342 2
      vertex 90.62228093207841 146.9258784492102 70
      vertex 90.285586947304 147.12768505739342 70
    endloop
  endfacet
  facet normal -0.595699304492445 -0.8032075314806362 0
    outer loop
      vertex 90.62228093207841 146.9258784492102 2
      vertex 90.93757313665459 146.69204181345094 70
      vertex 90.62228093207841 146.9258784492102 70
    endloop
  endfacet
  facet normal -0.4275550934302677 -0.9039892931234502 0
    outer loop
      vertex 89.93073372946037 147.29551813004514 2
      vertex 90.285586947304 147.12768505739342 70
      vertex 89.93073372946037 147.29551813004514 70
    endloop
  endfacet
  facet normal -0.6715589548470384 -0.740951125354941 0
    outer loop
      vertex 90.93757313665459 146.69204181345094 2
      vertex 91.22842712474619 146.42842712474618 70
      vertex 90.93757313665459 146.69204181345094 70
    endloop
  endfacet
  facet normal -0.9039892931234568 -0.4275550934302537 0
    outer loop
      vertex 91.92768505739343 145.485586947304 2
      vertex 92.09551813004515 145.13073372946036 70
      vertex 91.92768505739343 145.485586947304 70
    endloop
  endfacet
  facet normal -0.8577286100002502 -0.5141027441932583 0
    outer loop
      vertex 91.72587844921019 145.8222809320784 2
      vertex 91.92768505739343 145.485586947304 70
      vertex 91.72587844921019 145.8222809320784 70
    endloop
  endfacet
  facet normal 0.9987954562051721 -0.049067674327424655 0
    outer loop
      vertex 94.8 143.6 2
      vertex 94.81926109331121 143.99206856131823 70
      vertex 94.8 143.6 70
    endloop
  endfacet
  facet normal 0.9891765099647793 -0.14673047445537296 0
    outer loop
      vertex 94.81926109331121 143.99206856131823 2
      vertex 94.87685887838708 144.3803612880645 70
      vertex 94.81926109331121 143.99206856131823 70
    endloop
  endfacet
  facet normal 0.9700312531945497 -0.24298017990324072 0
    outer loop
      vertex 94.87685887838708 144.3803612880645 2
      vertex 94.97223865707116 144.76113870901784 70
      vertex 94.87685887838708 144.3803612880645 70
    endloop
  endfacet
  facet normal 0.9415440651830188 -0.33688985339222566 0
    outer loop
      vertex 94.97223865707116 144.76113870901784 2
      vertex 95.10448186995485 145.13073372946036 70
      vertex 94.97223865707116 144.76113870901784 70
    endloop
  endfacet
  facet normal 0.9039892931234568 -0.4275550934302537 0
    outer loop
      vertex 95.10448186995485 145.13073372946036 2
      vertex 95.27231494260657 145.485586947304 70
      vertex 95.10448186995485 145.13073372946036 70
    endloop
  endfacet
  facet normal 0.8577286100002502 -0.5141027441932583 0
    outer loop
      vertex 95.27231494260657 145.485586947304 2
      vertex 95.47412155078982 145.8222809320784 70
      vertex 95.27231494260657 145.485586947304 70
    endloop
  endfacet
  facet normal 0.8032075314806407 -0.595699304492439 0
    outer loop
      vertex 95.47412155078982 145.8222809320784 2
      vertex 95.70795818654905 146.13757313665457 70
      vertex 95.47412155078982 145.8222809320784 70
    endloop
  endfacet
  facet normal 0.7409511253549572 -0.6715589548470204 0
    outer loop
      vertex 95.70795818654905 146.13757313665457 2
      vertex 95.97157287525381 146.42842712474618 70
      vertex 95.70795818654905 146.13757313665457 70
    endloop
  endfacet
  facet normal 0.6715589548470384 -0.740951125354941 0
    outer loop
      vertex 95.97157287525381 146.42842712474618 2
      vertex 96.26242686334541 146.69204181345094 70
      vertex 95.97157287525381 146.42842712474618 70
    endloop
  endfacet
  facet normal 0.595699304492445 -0.8032075314806362 0
    outer loop
      vertex 96.26242686334541 146.69204181345094 2
      vertex 96.57771906792159 146.9258784492102 70
      vertex 96.26242686334541 146.69204181345094 70
    endloop
  endfacet
  facet normal 0.5141027441932157 -0.8577286100002758 0
    outer loop
      vertex 96.57771906792159 146.9258784492102 2
      vertex 96.914413052696 147.12768505739342 70
      vertex 96.57771906792159 146.9258784492102 70
    endloop
  endfacet
  facet normal 0.4275550934302677 -0.9039892931234502 0
    outer loop
      vertex 96.914413052696 147.12768505739342 2
      vertex 97.26926627053963 147.29551813004514 70
      vertex 96.914413052696 147.12768505739342 70
    endloop
  endfacet
  facet normal 0.3368898533921936 -0.9415440651830304 0
    outer loop
      vertex 97.26926627053963 147.29551813004514 2
      vertex 97.63886129098215 147.42776134292882 70
      vertex 97.26926627053963 147.29551813004514 70
    endloop
  endfacet
  facet normal 0.24298017990330886 -0.9700312531945328 0
    outer loop
      vertex 97.63886129098215 147.42776134292882 2
      vertex 98.01963871193549 147.52314112161292 70
      vertex 97.63886129098215 147.42776134292882 70
    endloop
  endfacet
  facet normal 0.14673047445537296 -0.9891765099647793 0
    outer loop
      vertex 98.01963871193549 147.52314112161292 2
      vertex 98.40793143868176 147.5807389066888 70
      vertex 98.01963871193549 147.52314112161292 70
    endloop
  endfacet
  facet normal 0.049067674327388545 -0.998795456205174 0
    outer loop
      vertex 98.40793143868176 147.5807389066888 2
      vertex 98.8 147.6 70
      vertex 98.40793143868176 147.5807389066888 70
    endloop
  endfacet
  facet normal 0 0 1
    outer loop
      vertex 3.5554381358431826 148.65175689842036 70
      vertex 88.4 147.6 70
      vertex 98.01963871193549 147.52314112161292 70
    endloop
  endfacet
  facet normal 0 0 1
    outer loop
      vertex 3.5554381358431826 148.65175689842036 70
      vertex 98.01963871193549 147.52314112161292 70
      vertex 98.40793143868176 147.5807389066888 70
    endloop
  endfacet
  facet normal 0 0 1
    outer loop
      vertex 3.5554381358431826 148.65175689842036 70
      vertex 98.40793143868176 147.5807389066888 70
      vertex 98.8 147.6 70
    endloop
  endfacet
  facet normal 0 0 1
    outer loop
      vertex 3.5554381358431826 148.65175689842036 70
      vertex 226.4445618641568 148.65175689842036 70
      vertex 8 150 70
    endloop
  endfacet
  facet normal 0 0 1
    outer loop
      vertex 92.4 93.6 70
      vertex 94.8 143.6 70
      vertex 92.4 143.6 70
    endloop
  endfacet
  facet normal 0 0 1
    outer loop
      vertex 92.38073890668879 143.99206856131823 70
      vertex 92.4 143.6 70
      vertex 94.81926109331121 143.99206856131823 70
    endloop
  endfacet
  facet normal 0 0 1
    outer loop
      vertex 92.38073890668879 143.99206856131823 70
      vertex 94.87685887838708 144.3803612880645 70
      vertex 92.32314112161293 144.3803612880645 70
    endloop
  endfacet
  facet normal 0 0 1
    outer loop
      vertex 92.32314112161293 144.3803612880645 70
      vertex 94.97223865707116 144.76113870901784 70
      vertex 92.22776134292884 144.76113870901784 70
    endloop
  endfacet
  facet normal 0 0 1
    outer loop
      vertex 92.09551813004515 145.13073372946036 70
      vertex 92.22776134292884 144.76113870901784 70
      vertex 95.10448186995485 145.13073372946036 70
    endloop
  endfacet
  facet normal 0 0 1
    outer loop
      vertex 91.92768505739343 145.485586947304 70
      vertex 92.09551813004515 145.13073372946036 70
      vertex 95.27231494260657 145.485586947304 70
    endloop
  endfacet
  facet normal 0 0 1
    outer loop
      vertex 91.72587844921019 145.8222809320784 70
      vertex 91.92768505739343 145.485586947304 70
      vertex 95.47412155078982 145.8222809320784 70
    endloop
  endfacet
  facet normal 0 0 1
    outer loop
      vertex 91.49204181345095 146.13757313665457 70
      vertex 91.72587844921019 145.8222809320784 70
      vertex 95.70795818654905 146.13757313665457 70
    endloop
  endfacet
  facet normal 0 0 1
    outer loop
      vertex 91.22842712474619 146.42842712474618 70
      vertex 91.49204181345095 146.13757313665457 70
      vertex 95.97157287525381 146.42842712474618 70
    endloop
  endfacet
  facet normal 0 0 1
    outer loop
      vertex 88.4 147.6 70
      vertex 88.79206856131825 147.5807389066888 70
      vertex 98.01963871193549 147.52314112161292 70
    endloop
  endfacet
  facet normal 0 0 1
    outer loop
      vertex 89.18036128806452 147.52314112161292 70
      vertex 98.01963871193549 147.52314112161292 70
      vertex 88.79206856131825 147.5807389066888 70
    endloop
  endfacet
  facet normal 0 0 1
    outer loop
      vertex 90.285586947304 147.12768505739342 70
      vertex 97.26926627053963 147.29551813004514 70
      vertex 89.93073372946037 147.29551813004514 70
    endloop
  endfacet
  facet normal 0 0 1
    outer loop
      vertex 89.18036128806452 147.52314112161292 70
      vertex 89.56113870901785 147.42776134292882 70
      vertex 98.01963871193549 147.52314112161292 70
    endloop
  endfacet
  facet normal 0 0 1
    outer loop
      vertex 89.56113870901785 147.42776134292882 70
      vertex 89.93073372946037 147.29551813004514 70
      vertex 97.63886129098215 147.42776134292882 70
    endloop
  endfacet
  facet normal 0 0 1
    outer loop
      vertex 91.22842712474619 146.42842712474618 70
      vertex 96.26242686334541 146.69204181345094 70
      vertex 90.93757313665459 146.69204181345094 70
    endloop
  endfacet
  facet normal 0 0 1
    outer loop
      vertex 90.62228093207841 146.9258784492102 70
      vertex 90.93757313665459 146.69204181345094 70
      vertex 96.57771906792159 146.9258784492102 70
    endloop
  endfacet
  facet normal 0 0 1
    outer loop
      vertex 90.62228093207841 146.9258784492102 70
      vertex 96.914413052696 147.12768505739342 70
      vertex 90.285586947304 147.12768505739342 70
    endloop
  endfacet
  facet normal 0 0 1
    outer loop
      vertex 94.8 143.6 70
      vertex 94.81926109331121 143.99206856131823 70
      vertex 92.4 143.6 70
    endloop
  endfacet
  facet normal 0 0 1
    outer loop
      vertex 92.38073890668879 143.99206856131823 70
      vertex 94.81926109331121 143.99206856131823 70
      vertex 94.87685887838708 144.3803612880645 70
    endloop
  endfacet
  facet normal 0 0 1
    outer loop
      vertex 92.32314112161293 144.3803612880645 70
      vertex 94.87685887838708 144.3803612880645 70
      vertex 94.97223865707116 144.76113870901784 70
    endloop
  endfacet
  facet normal 0 0 1
    outer loop
      vertex 95.10448186995485 145.13073372946036 70
      vertex 92.22776134292884 144.76113870901784 70
      vertex 94.97223865707116 144.76113870901784 70
    endloop
  endfacet
  facet normal 0 0 1
    outer loop
      vertex 95.10448186995485 145.13073372946036 70
      vertex 95.27231494260657 145.485586947304 70
      vertex 92.09551813004515 145.13073372946036 70
    endloop
  endfacet
  facet normal 0 0 1
    outer loop
      vertex 95.27231494260657 145.485586947304 70
      vertex 95.47412155078982 145.8222809320784 70
      vertex 91.92768505739343 145.485586947304 70
    endloop
  endfacet
  facet normal 0 0 1
    outer loop
      vertex 91.72587844921019 145.8222809320784 70
      vertex 95.47412155078982 145.8222809320784 70
      vertex 95.70795818654905 146.13757313665457 70
    endloop
  endfacet
  facet normal 0 0 1
    outer loop
      vertex 95.70795818654905 146.13757313665457 70
      vertex 95.97157287525381 146.42842712474618 70
      vertex 91.49204181345095 146.13757313665457 70
    endloop
  endfacet
  facet normal 0 0 1
    outer loop
      vertex 91.22842712474619 146.42842712474618 70
      vertex 95.97157287525381 146.42842712474618 70
      vertex 96.26242686334541 146.69204181345094 70
    endloop
  endfacet
  facet normal 0 0 1
    outer loop
      vertex 96.57771906792159 146.9258784492102 70
      vertex 90.93757313665459 146.69204181345094 70
      vertex 96.26242686334541 146.69204181345094 70
    endloop
  endfacet
  facet normal 0 0 1
    outer loop
      vertex 90.62228093207841 146.9258784492102 70
      vertex 96.57771906792159 146.9258784492102 70
      vertex 96.914413052696 147.12768505739342 70
    endloop
  endfacet
  facet normal 0 0 1
    outer loop
      vertex 97.26926627053963 147.29551813004514 70
      vertex 90.285586947304 147.12768505739342 70
      vertex 96.914413052696 147.12768505739342 70
    endloop
  endfacet
  facet normal 0 0 1
    outer loop
      vertex 97.26926627053963 147.29551813004514 70
      vertex 97.63886129098215 147.42776134292882 70
      vertex 89.93073372946037 147.29551813004514 70
    endloop
  endfacet
  facet normal 0 0 1
    outer loop
      vertex 89.56113870901785 147.42776134292882 70
      vertex 97.63886129098215 147.42776134292882 70
      vertex 98.01963871193549 147.52314112161292 70
    endloop
  endfacet
  facet normal 0 0 1
    outer loop
      vertex 3.5554381358431826 148.65175689842036 70
      vertex 98.8 147.6 70
      vertex 223.60000000000002 147.6 70
    endloop
  endfacet
  facet normal 0 0 1
    outer loop
      vertex 6.4 2.4 2
      vertex 188.4 2.4 2
      vertex 189.93073372946037 2.704481869954853 2
    endloop
  endfacet
  facet normal 0 0 1
    outer loop
      vertex 4.86926627053964 2.704481869954853 2
      vertex 189.93073372946037 2.704481869954853 2
      vertex 192.4 6.4 2
    endloop
  endfacet
  facet normal 0 0 -1
    outer loop
      vertex 8 0 0
      vertex 226.4445618641568 1.3482431015796381 0
      vertex 222 0 0
    endloop
  endfacet
  facet normal 0 0 -1
    outer loop
      vertex 3.5554381358431826 1.3482431015796381 0
      vertex 230 8 0
      vertex 226.4445618641568 1.3482431015796381 0
    endloop
  endfacet
  facet normal 0 -1 0
    outer loop
      vertex 8 0 0
      vertex 222 0 0
      vertex 222 0 70
    endloop
  endfacet
  facet normal 0 0 1
    outer loop
      vertex 6.4 87.2 2
      vertex 192.4 6.4 2
      vertex 189.93073372946037 86.89551813004515 2
    endloop
  endfacet
  facet normal 0 0 1
    outer loop
      vertex 188.4 2.4 2
      vertex 188.79206856131825 2.419261093311212 2
      vertex 189.18036128806452 2.476858878387078 2
    endloop
  endfacet
  facet normal 0 0 1
    outer loop
      vertex 188.4 2.4 2
      vertex 189.18036128806452 2.476858878387078 2
      vertex 189.93073372946037 2.704481869954853 2
    endloop
  endfacet
  facet normal 0 0 1
    outer loop
      vertex 189.18036128806452 2.476858878387078 2
      vertex 189.56113870901785 2.5722386570711646 2
      vertex 189.93073372946037 2.704481869954853 2
    endloop
  endfacet
  facet normal 0 0 1
    outer loop
      vertex 189.93073372946037 2.704481869954853 2
      vertex 190.28558694730398 2.8723149426065797 2
      vertex 190.6222809320784 3.074121550789819 2
    endloop
  endfacet
  facet normal 0 0 1
    outer loop
      vertex 189.93073372946037 2.704481869954853 2
      vertex 190.6222809320784 3.074121550789819 2
      vertex 190.93757313665458 3.307958186549052 2
    endloop
  endfacet
  facet normal 0 0 1
    outer loop
      vertex 189.93073372946037 2.704481869954853 2
      vertex 190.93757313665458 3.307958186549052 2
      vertex 191.7258784492102 4.177719067921592 2
    endloop
  endfacet
  facet normal 0 0 1
    outer loop
      vertex 190.93757313665458 3.307958186549052 2
      vertex 191.2284271247462 3.5715728752538096 2
      vertex 191.7258784492102 4.177719067921592 2
    endloop
  endfacet
  facet normal 0 0 1
    outer loop
      vertex 189.93073372946037 2.704481869954853 2
      vertex 191.7258784492102 4.177719067921592 2
      vertex 192.4 6.4 2
    endloop
  endfacet
  facet normal 0 0 1
    outer loop
      vertex 191.2284271247462 3.5715728752538096 2
      vertex 191.49204181345095 3.862426863345418 2
      vertex 191.7258784492102 4.177719067921592 2
    endloop
  endfacet
  facet normal 0 0 1
    outer loop
      vertex 191.7258784492102 4.177719067921592 2
      vertex 191.92768505739343 4.514413052696009 2
      vertex 192.09551813004515 4.86926627053964 2
    endloop
  endfacet
  facet normal 0 0 1
    outer loop
      vertex 191.7258784492102 4.177719067921592 2
      vertex 192.09551813004515 4.86926627053964 2
      vertex 192.22776134292883 5.23886129098215 2
    endloop
  endfacet
  facet normal 0 0 1
    outer loop
      vertex 191.7258784492102 4.177719067921592 2
      vertex 192.22776134292883 5.23886129098215 2
      vertex 192.4 6.4 2
    endloop
  endfacet
  facet normal 0 0 1
    outer loop
      vertex 192.22776134292883 5.23886129098215 2
      vertex 192.32314112161293 5.619638711935487 2
      vertex 192.4 6.4 2
    endloop
  endfacet
  facet normal 0 0 1
    outer loop
      vertex 192.32314112161293 5.619638711935487 2
      vertex 192.3807389066888 6.007931438681757 2
      vertex 192.4 6.4 2
    endloop
  endfacet
  facet normal 0 0 1
    outer loop
      vertex 195.70795818654906 3.862426863345418 2
      vertex 195.97157287525383 3.5715728752538096 2
      vertex 195.47412155078982 4.177719067921592 2
    endloop
  endfacet
  facet normal 0 0 1
    outer loop
      vertex 195.47412155078982 4.177719067921592 2
      vertex 195.10448186995487 4.86926627053964 2
      vertex 195.27231494260658 4.514413052696009 2
    endloop
  endfacet
  facet normal 0 0 1
    outer loop
      vertex 195.47412155078982 4.177719067921592 2
      vertex 196.26242686334544 3.307958186549052 2
      vertex 194.9722386570712 5.23886129098215 2
    endloop
  endfacet
  facet normal 0 0 1
    outer loop
      vertex 196.26242686334544 3.307958186549052 2
      vertex 196.5777190679216 3.074121550789819 2
      vertex 196.91441305269603 2.8723149426065797 2
    endloop
  endfacet
  facet normal 0 0 1
    outer loop
      vertex 196.26242686334544 3.307958186549052 2
      vertex 197.26926627053965 2.704481869954853 2
      vertex 198.40793143868177 2.419261093311212 2
    endloop
  endfacet
  facet normal 0 0 1
    outer loop
      vertex 196.26242686334544 3.307958186549052 2
      vertex 196.91441305269603 2.8723149426065797 2
      vertex 197.26926627053965 2.704481869954853 2
    endloop
  endfacet
  facet normal 0 0 1
    outer loop
      vertex 195.47412155078982 4.177719067921592 2
      vertex 195.97157287525383 3.5715728752538096 2
      vertex 196.26242686334544 3.307958186549052 2
    endloop
  endfacet
  facet normal 0 0 1
    outer loop
      vertex 194.9722386570712 5.23886129098215 2
      vertex 196.26242686334544 3.307958186549052 2
      vertex 198.40793143868177 2.419261093311212 2
    endloop
  endfacet
  facet normal 0 0 1
    outer loop
      vertex 197.63886129098216 2.5722386570711646 2
      vertex 198.40793143868177 2.419261093311212 2
      vertex 197.26926627053965 2.704481869954853 2
    endloop
  endfacet
  facet normal 0 0 1
    outer loop
      vertex 197.63886129098216 2.5722386570711646 2
      vertex 198.0196387119355 2.476858878387078 2
      vertex 198.40793143868177 2.419261093311212 2
    endloop
  endfacet
  facet normal 0 0 1
    outer loop
      vertex 194.9722386570712 5.23886129098215 2
      vertex 194.8192610933112 6.007931438681757 2
      vertex 194.87685887838708 5.619638711935487 2
    endloop
  endfacet
  facet normal 0 0 1
    outer loop
      vertex 195.47412155078982 4.177719067921592 2
      vertex 194.9722386570712 5.23886129098215 2
      vertex 195.10448186995487 4.86926627053964 2
    endloop
  endfacet
  facet normal 0 0 1
    outer loop
      vertex 194.9722386570712 5.23886129098215 2
      vertex 194.8 6.4 2
      vertex 194.8192610933112 6.007931438681757 2
    endloop
  endfacet
  facet normal 0 0 1
    outer loop
      vertex 194.9722386570712 5.23886129098215 2
      vertex 194.8 83.2 2
      vertex 194.8 6.4 2
    endloop
  endfacet
  facet normal 0 0 1
    outer loop
      vertex 194.9722386570712 5.23886129098215 2
      vertex 198.40793143868177 2.419261093311212 2
      vertex 226.1375731366546 3.307958186549052 2
    endloop
  endfacet
  facet normal 0 0 1
    outer loop
      vertex 198.40793143868177 2.419261093311212 2
      vertex 198.8 2.4 2
      vertex 223.60000000000002 2.4 2
    endloop
  endfacet
  facet normal 0 0 1
    outer loop
      vertex 198.40793143868177 2.419261093311212 2
      vertex 223.60000000000002 2.4 2
      vertex 226.1375731366546 3.307958186549052 2
    endloop
  endfacet
  facet normal 0 0 -1
    outer loop
      vertex 222 0 0
      vertex 224.3222774180357 0.3444773141423294 0
      vertex 222.78413712263648 0.03852218662242457 0
    endloop
  endfacet
  facet normal 0 0 -1
    outer loop
      vertex 222.78413712263648 0.03852218662242457 0
      vertex 224.3222774180357 0.3444773141423294 0
      vertex 223.56072257612902 0.15371775677415656 0
    endloop
  endfacet
  facet normal 0 0 -1
    outer loop
      vertex 222 0 0
      vertex 226.4445618641568 1.3482431015796381 0
      vertex 224.3222774180357 0.3444773141423294 0
    endloop
  endfacet
  facet normal 0 0 -1
    outer loop
      vertex 224.3222774180357 0.3444773141423294 0
      vertex 226.4445618641568 1.3482431015796381 0
      vertex 225.06146745892073 0.6089637399097061 0
    endloop
  endfacet
  facet normal 0 0 -1
    outer loop
      vertex 225.06146745892073 0.6089637399097061 0
      vertex 226.4445618641568 1.3482431015796381 0
      vertex 225.77117389460798 0.9446298852131596 0
    endloop
  endfacet
  facet normal 0 0 1
    outer loop
      vertex 223.60000000000002 2.4 2
      vertex 223.99206856131826 2.419261093311212 2
      vertex 224.76113870901787 2.5722386570711646 2
    endloop
  endfacet
  facet normal 0 0 1
    outer loop
      vertex 223.99206856131826 2.419261093311212 2
      vertex 224.38036128806453 2.476858878387078 2
      vertex 224.76113870901787 2.5722386570711646 2
    endloop
  endfacet
  facet normal 0 0 1
    outer loop
      vertex 223.60000000000002 2.4 2
      vertex 224.76113870901787 2.5722386570711646 2
      vertex 226.1375731366546 3.307958186549052 2
    endloop
  endfacet
  facet normal 0 0 1
    outer loop
      vertex 224.76113870901787 2.5722386570711646 2
      vertex 225.13073372946036 2.704481869954853 2
      vertex 225.485586947304 2.8723149426065797 2
    endloop
  endfacet
  facet normal 0 0 1
    outer loop
      vertex 224.76113870901787 2.5722386570711646 2
      vertex 225.485586947304 2.8723149426065797 2
      vertex 226.1375731366546 3.307958186549052 2
    endloop
  endfacet
  facet normal 0 0 1
    outer loop
      vertex 225.485586947304 2.8723149426065797 2
      vertex 225.82228093207843 3.074121550789819 2
      vertex 226.1375731366546 3.307958186549052 2
    endloop
  endfacet
  facet normal 0 0 -1
    outer loop
      vertex 226.4445618641568 1.3482431015796381 0
      vertex 227.65685424949237 2.3431457505076194 0
      vertex 227.07514627330917 1.815916373098104 0
    endloop
  endfacet
  facet normal 0 0 -1
    outer loop
      vertex 226.4445618641568 1.3482431015796381 0
      vertex 229.05537011478685 4.228826105392018 0
      vertex 227.65685424949237 2.3431457505076194 0
    endloop
  endfacet
  facet normal 0 0 -1
    outer loop
      vertex 227.65685424949237 2.3431457505076194 0
      vertex 229.05537011478685 4.228826105392018 0
      vertex 228.1840836269019 2.924853726690836 0
    endloop
  endfacet
  facet normal 0 0 -1
    outer loop
      vertex 228.1840836269019 2.924853726690836 0
      vertex 229.05537011478685 4.228826105392018 0
      vertex 228.65175689842036 3.5554381358431826 0
    endloop
  endfacet
  facet normal 0 0 -1
    outer loop
      vertex 226.4445618641568 1.3482431015796381 0
      vertex 230 8 0
      vertex 229.05537011478685 4.228826105392018 0
    endloop
  endfacet
  facet normal 0 0 1
    outer loop
      vertex 226.1375731366546 3.307958186549052 2
      vertex 226.4284271247462 3.5715728752538096 2
      vertex 226.69204181345094 3.862426863345418 2
    endloop
  endfacet
  facet normal 0 0 1
    outer loop
      vertex 226.1375731366546 3.307958186549052 2
      vertex 226.69204181345094 3.862426863345418 2
      vertex 227.12768505739342 4.514413052696009 2
    endloop
  endfacet
  facet normal 0 0 1
    outer loop
      vertex 226.69204181345094 3.862426863345418 2
      vertex 226.9258784492102 4.177719067921592 2
      vertex 227.12768505739342 4.514413052696009 2
    endloop
  endfacet
  facet normal 0 0 -1
    outer loop
      vertex 229.05537011478685 4.228826105392018 0
      vertex 229.65552268585768 5.677722581964302 0
      vertex 229.3910362600903 4.938532541079281 0
    endloop
  endfacet
  facet normal 0 0 -1
    outer loop
      vertex 229.05537011478685 4.228826105392018 0
      vertex 229.84628224322586 6.4392774238709745 0
      vertex 229.65552268585768 5.677722581964302 0
    endloop
  endfacet
  facet normal 0 0 -1
    outer loop
      vertex 229.05537011478685 4.228826105392018 0
      vertex 230 8 0
      vertex 229.84628224322586 6.4392774238709745 0
    endloop
  endfacet
  facet normal 0 0 1
    outer loop
      vertex 226.1375731366546 3.307958186549052 2
      vertex 227.12768505739342 4.514413052696009 2
      vertex 227.60000000000002 6.4 2
    endloop
  endfacet
  facet normal 0 0 1
    outer loop
      vertex 227.12768505739342 4.514413052696009 2
      vertex 227.29551813004514 4.86926627053964 2
      vertex 227.42776134292885 5.23886129098215 2
    endloop
  endfacet
  facet normal 0 0 1
    outer loop
      vertex 227.12768505739342 4.514413052696009 2
      vertex 227.42776134292885 5.23886129098215 2
      vertex 227.60000000000002 6.4 2
    endloop
  endfacet
  facet normal 0 0 1
    outer loop
      vertex 227.42776134292885 5.23886129098215 2
      vertex 227.52314112161292 5.619638711935487 2
      vertex 227.60000000000002 6.4 2
    endloop
  endfacet
  facet normal 0 0 1
    outer loop
      vertex 227.52314112161292 5.619638711935487 2
      vertex 227.5807389066888 6.007931438681757 2
      vertex 227.60000000000002 6.4 2
    endloop
  endfacet
  facet normal 0 0 -1
    outer loop
      vertex 229.84628224322586 6.4392774238709745 0
      vertex 230 8 0
      vertex 229.96147781337757 7.215862877363515 0
    endloop
  endfacet
  facet normal 0 0 1
    outer loop
      vertex 194.9722386570712 5.23886129098215 2
      vertex 226.1375731366546 3.307958186549052 2
      vertex 198.8 87.2 2
    endloop
  endfacet
  facet normal 0 0 1
    outer loop
      vertex 226.1375731366546 3.307958186549052 2
      vertex 227.60000000000002 6.4 2
      vertex 227.42776134292885 84.36113870901785 2
    endloop
  endfacet
  facet normal -0.04906767432741789 0.9987954562051724 0
    outer loop
      vertex 188.4 2.4 2
      vertex 188.4 2.4 70
      vertex 188.79206856131825 2.419261093311212 2
    endloop
  endfacet
  facet normal -0.1467304744553619 0.9891765099647809 0
    outer loop
      vertex 188.79206856131825 2.419261093311212 2
      vertex 188.79206856131825 2.419261093311212 70
      vertex 189.18036128806452 2.476858878387078 2
    endloop
  endfacet
  facet normal -0.24298017990326415 0.970031253194544 0
    outer loop
      vertex 189.18036128806452 2.476858878387078 2
      vertex 189.18036128806452 2.476858878387078 70
      vertex 189.56113870901785 2.5722386570711646 2
    endloop
  endfacet
  facet normal -0.3368898533922136 0.9415440651830231 0
    outer loop
      vertex 189.56113870901785 2.5722386570711646 2
      vertex 189.56113870901785 2.5722386570711646 70
      vertex 189.93073372946037 2.704481869954853 2
    endloop
  endfacet
  facet normal -0.42755509343030107 0.9039892931234343 0
    outer loop
      vertex 189.93073372946037 2.704481869954853 2
      vertex 189.93073372946037 2.704481869954853 70
      vertex 190.28558694730398 2.8723149426065797 2
    endloop
  endfacet
  facet normal -0.5141027441932113 0.8577286100002783 0
    outer loop
      vertex 190.28558694730398 2.8723149426065797 2
      vertex 190.28558694730398 2.8723149426065797 70
      vertex 190.6222809320784 3.074121550789819 2
    endloop
  endfacet
  facet normal -0.5956993044924406 0.8032075314806396 0
    outer loop
      vertex 190.6222809320784 3.074121550789819 2
      vertex 190.6222809320784 3.074121550789819 70
      vertex 190.93757313665458 3.307958186549052 2
    endloop
  endfacet
  facet normal -0.671558954847013 0.7409511253549641 0
    outer loop
      vertex 190.93757313665458 3.307958186549052 2
      vertex 190.93757313665458 3.307958186549052 70
      vertex 191.2284271247462 3.5715728752538096 2
    endloop
  endfacet
  facet normal -0.7409511253549527 0.6715589548470254 0
    outer loop
      vertex 191.2284271247462 3.5715728752538096 2
      vertex 191.2284271247462 3.5715728752538096 70
      vertex 191.49204181345095 3.862426863345418 2
    endloop
  endfacet
  facet normal -0.8032075314806294 0.5956993044924542 0
    outer loop
      vertex 191.49204181345095 3.862426863345418 2
      vertex 191.49204181345095 3.862426863345418 70
      vertex 191.7258784492102 4.177719067921592 2
    endloop
  endfacet
  facet normal -0.8577286100002781 0.5141027441932117 0
    outer loop
      vertex 191.7258784492102 4.177719067921592 2
      vertex 191.7258784492102 4.177719067921592 70
      vertex 191.92768505739343 4.514413052696009 2
    endloop
  endfacet
  facet normal -0.9039892931234527 0.42755509343026243 0
    outer loop
      vertex 191.92768505739343 4.514413052696009 2
      vertex 191.92768505739343 4.514413052696009 70
      vertex 192.09551813004515 4.86926627053964 2
    endloop
  endfacet
  facet normal -0.9415440651830282 0.3368898533921993 0
    outer loop
      vertex 192.09551813004515 4.86926627053964 2
      vertex 192.09551813004515 4.86926627053964 70
      vertex 192.22776134292883 5.23886129098215 2
    endloop
  endfacet
  facet normal -0.9700312531945328 0.24298017990330886 0
    outer loop
      vertex 192.22776134292883 5.23886129098215 2
      vertex 192.22776134292883 5.23886129098215 70
      vertex 192.32314112161293 5.619638711935487 2
    endloop
  endfacet
  facet normal -0.9891765099647791 0.1467304744553736 0
    outer loop
      vertex 192.32314112161293 5.619638711935487 2
      vertex 192.32314112161293 5.619638711935487 70
      vertex 192.3807389066888 6.007931438681757 2
    endloop
  endfacet
  facet normal -0.9987954562051738 0.049067674327388094 0
    outer loop
      vertex 192.3807389066888 6.007931438681757 2
      vertex 192.3807389066888 6.007931438681757 70
      vertex 192.4 6.4 2
    endloop
  endfacet
  facet normal 0.7409511253549527 0.6715589548470254 0
    outer loop
      vertex 195.70795818654906 3.862426863345418 2
      vertex 195.70795818654906 3.862426863345418 70
      vertex 195.97157287525383 3.5715728752538096 2
    endloop
  endfacet
  facet normal 0.8032075314806294 0.5956993044924542 -2.286575174186524e-19
    outer loop
      vertex 195.70795818654906 3.862426863345418 2
      vertex 195.47412155078982 4.177719067921592 2
      vertex 195.47412155078982 4.177719067921592 70
    endloop
  endfacet
  facet normal 0.8577286100002781 0.5141027441932117 7.388062862727087e-20
    outer loop
      vertex 195.47412155078982 4.177719067921592 2
      vertex 195.27231494260658 4.514413052696009 2
      vertex 195.27231494260658 4.514413052696009 70
    endloop
  endfacet
  facet normal 0.671558954847013 0.7409511253549641 -2.0160268737296796e-19
    outer loop
      vertex 196.26242686334544 3.307958186549052 2
      vertex 195.97157287525383 3.5715728752538096 2
      vertex 195.97157287525383 3.5715728752538096 70
    endloop
  endfacet
  facet normal 0.5141027441932113 0.8577286100002783 0
    outer loop
      vertex 196.5777190679216 3.074121550789819 2
      vertex 196.5777190679216 3.074121550789819 70
      vertex 196.91441305269603 2.8723149426065797 2
    endloop
  endfacet
  facet normal 0.5956993044924406 0.8032075314806396 0
    outer loop
      vertex 196.26242686334544 3.307958186549052 2
      vertex 196.26242686334544 3.307958186549052 70
      vertex 196.5777190679216 3.074121550789819 2
    endloop
  endfacet
  facet normal 0.42755509343030107 0.9039892931234343 0
    outer loop
      vertex 196.91441305269603 2.8723149426065797 2
      vertex 196.91441305269603 2.8723149426065797 70
      vertex 197.26926627053965 2.704481869954853 2
    endloop
  endfacet
  facet normal 0.3368898533922136 0.9415440651830231 -4.1802482990889744e-21
    outer loop
      vertex 197.63886129098216 2.5722386570711646 2
      vertex 197.26926627053965 2.704481869954853 2
      vertex 197.26926627053965 2.704481869954853 70
    endloop
  endfacet
  facet normal 0.24298017990326415 0.970031253194544 0
    outer loop
      vertex 197.63886129098216 2.5722386570711646 2
      vertex 197.63886129098216 2.5722386570711646 70
      vertex 198.0196387119355 2.476858878387078 2
    endloop
  endfacet
  facet normal 0.1467304744553619 0.9891765099647809 0
    outer loop
      vertex 198.0196387119355 2.476858878387078 2
      vertex 198.0196387119355 2.476858878387078 70
      vertex 198.40793143868177 2.419261093311212 2
    endloop
  endfacet
  facet normal 0.04906767432741789 0.9987954562051724 0
    outer loop
      vertex 198.40793143868177 2.419261093311212 2
      vertex 198.40793143868177 2.419261093311212 70
      vertex 198.8 2.4 2
    endloop
  endfacet
  facet normal 0.9700312531945328 0.24298017990330886 6.396394686230033e-20
    outer loop
      vertex 194.9722386570712 5.23886129098215 2
      vertex 194.87685887838708 5.619638711935487 2
      vertex 194.87685887838708 5.619638711935487 70
    endloop
  endfacet
  facet normal 0.9039892931234527 0.42755509343026243 4.692190763920055e-20
    outer loop
      vertex 195.27231494260658 4.514413052696009 2
      vertex 195.10448186995487 4.86926627053964 2
      vertex 195.10448186995487 4.86926627053964 70
    endloop
  endfacet
  facet normal 0.9415440651830282 0.3368898533921993 0
    outer loop
      vertex 194.9722386570712 5.23886129098215 2
      vertex 194.9722386570712 5.23886129098215 70
      vertex 195.10448186995487 4.86926627053964 2
    endloop
  endfacet
  facet normal 0.9891765099647791 0.1467304744553736 1.8713563834314825e-20
    outer loop
      vertex 194.87685887838708 5.619638711935487 2
      vertex 194.8192610933112 6.007931438681757 2
      vertex 194.8192610933112 6.007931438681757 70
    endloop
  endfacet
  facet normal 0.9987954562051738 0.049067674327388094 -1.0210067638082749e-20
    outer loop
      vertex 194.8192610933112 6.007931438681757 2
      vertex 194.8 6.4 2
      vertex 194.8 6.4 70
    endloop
  endfacet
  facet normal -1 0 0
    outer loop
      vertex 192.4 6.4 2
      vertex 192.4 6.4 70
      vertex 192.4 83.2 2
    endloop
  endfacet
  facet normal 0 1 0
    outer loop
      vertex 198.8 2.4 2
      vertex 198.8 2.4 70
      vertex 223.60000000000002 2.4 2
    endloop
  endfacet
  facet normal 0.04906767432741788 -0.9987954562051724 -2.2887599231434015e-20
    outer loop
      vertex 222 0 0
      vertex 222.78413712263648 0.03852218662242457 0
      vertex 222.78413712263648 0.03852218662242457 70
    endloop
  endfacet
  facet normal 0.1467304744553619 -0.9891765099647809 8.368712750752072e-20
    outer loop
      vertex 222.78413712263648 0.03852218662242457 0
      vertex 223.56072257612902 0.15371775677415656 0
      vertex 223.56072257612902 0.15371775677415656 70
    endloop
  endfacet
  facet normal 0.24298017990326415 -0.9700312531945439 0
    outer loop
      vertex 223.56072257612902 0.15371775677415656 0
      vertex 224.3222774180357 0.3444773141423294 0
      vertex 223.56072257612902 0.15371775677415656 70
    endloop
  endfacet
  facet normal 0.33688985339221356 -0.941544065183023 8.121625266801435e-21
    outer loop
      vertex 224.3222774180357 0.3444773141423294 0
      vertex 225.06146745892073 0.6089637399097061 0
      vertex 225.06146745892073 0.6089637399097061 70
    endloop
  endfacet
  facet normal 0.4275550934302871 -0.9039892931234409 -7.756402548856525e-20
    outer loop
      vertex 225.06146745892073 0.6089637399097061 0
      vertex 225.77117389460798 0.9446298852131596 0
      vertex 225.77117389460798 0.9446298852131596 70
    endloop
  endfacet
  facet normal 0.5141027441932273 -0.8577286100002688 0
    outer loop
      vertex 225.77117389460798 0.9446298852131596 0
      vertex 226.4445618641568 1.3482431015796381 0
      vertex 225.77117389460798 0.9446298852131596 70
    endloop
  endfacet
  facet normal 0.5956993044924233 -0.8032075314806524 0
    outer loop
      vertex 226.4445618641568 1.3482431015796381 0
      vertex 227.07514627330917 1.815916373098104 0
      vertex 226.4445618641568 1.3482431015796381 70
    endloop
  endfacet
  facet normal 0.671558954847031 -0.7409511253549478 4.508357533315533e-19
    outer loop
      vertex 227.07514627330917 1.815916373098104 0
      vertex 227.65685424949237 2.3431457505076194 0
      vertex 227.65685424949237 2.3431457505076194 70
    endloop
  endfacet
  facet normal 0.7409511253549527 -0.6715589548470254 0
    outer loop
      vertex 227.65685424949237 2.3431457505076194 0
      vertex 228.1840836269019 2.924853726690836 0
      vertex 227.65685424949237 2.3431457505076194 70
    endloop
  endfacet
  facet normal 0.8032075314806464 -0.5956993044924316 9.880308123972966e-20
    outer loop
      vertex 228.1840836269019 2.924853726690836 0
      vertex 228.65175689842036 3.5554381358431826 0
      vertex 228.65175689842036 3.5554381358431826 70
    endloop
  endfacet
  facet normal 0.8577286100002627 -0.5141027441932372 -4.564062193103823e-19
    outer loop
      vertex 228.65175689842036 3.5554381358431826 0
      vertex 229.05537011478685 4.228826105392018 0
      vertex 229.05537011478685 4.228826105392018 70
    endloop
  endfacet
  facet normal -0.04906767432741789 0.9987954562051724 0
    outer loop
      vertex 223.60000000000002 2.4 2
      vertex 223.60000000000002 2.4 70
      vertex 223.99206856131826 2.419261093311212 2
    endloop
  endfacet
  facet normal -0.1467304744553619 0.9891765099647809 0
    outer loop
      vertex 223.99206856131826 2.419261093311212 2
      vertex 223.99206856131826 2.419261093311212 70
      vertex 224.38036128806453 2.476858878387078 2
    endloop
  endfacet
  facet normal -0.24298017990326415 0.970031253194544 0
    outer loop
      vertex 224.38036128806453 2.476858878387078 2
      vertex 224.38036128806453 2.476858878387078 70
      vertex 224.76113870901787 2.5722386570711646 2
    endloop
  endfacet
  facet normal -0.33688985339223654 0.9415440651830148 0
    outer loop
      vertex 224.76113870901787 2.5722386570711646 2
      vertex 224.76113870901787 2.5722386570711646 70
      vertex 225.13073372946036 2.704481869954853 2
    endloop
  endfacet
  facet normal -0.4275550934302731 0.9039892931234476 0
    outer loop
      vertex 225.13073372946036 2.704481869954853 2
      vertex 225.13073372946036 2.704481869954853 70
      vertex 225.485586947304 2.8723149426065797 2
    endloop
  endfacet
  facet normal -0.5141027441932113 0.8577286100002783 0
    outer loop
      vertex 225.485586947304 2.8723149426065797 2
      vertex 225.485586947304 2.8723149426065797 70
      vertex 225.82228093207843 3.074121550789819 2
    endloop
  endfacet
  facet normal -0.5956993044924406 0.8032075314806396 0
    outer loop
      vertex 225.82228093207843 3.074121550789819 2
      vertex 225.82228093207843 3.074121550789819 70
      vertex 226.1375731366546 3.307958186549052 2
    endloop
  endfacet
  facet normal -0.671558954847013 0.7409511253549641 0
    outer loop
      vertex 226.1375731366546 3.307958186549052 2
      vertex 226.1375731366546 3.307958186549052 70
      vertex 226.4284271247462 3.5715728752538096 2
    endloop
  endfacet
  facet normal -0.7409511253549887 0.6715589548469857 0
    outer loop
      vertex 226.4284271247462 3.5715728752538096 2
      vertex 226.4284271247462 3.5715728752538096 70
      vertex 226.69204181345094 3.862426863345418 2
    endloop
  endfacet
  facet normal -0.8032075314806294 0.5956993044924542 0
    outer loop
      vertex 226.69204181345094 3.862426863345418 2
      vertex 226.69204181345094 3.862426863345418 70
      vertex 226.9258784492102 4.177719067921592 2
    endloop
  endfacet
  facet normal -0.8577286100002781 0.5141027441932117 0
    outer loop
      vertex 226.9258784492102 4.177719067921592 2
      vertex 226.9258784492102 4.177719067921592 70
      vertex 227.12768505739342 4.514413052696009 2
    endloop
  endfacet
  facet normal -0.9039892931234527 0.42755509343026243 0
    outer loop
      vertex 227.12768505739342 4.514413052696009 2
      vertex 227.12768505739342 4.514413052696009 70
      vertex 227.29551813004514 4.86926627053964 2
    endloop
  endfacet
  facet normal 0.9039892931234526 -0.42755509343026243 -9.116256341330392e-20
    outer loop
      vertex 229.05537011478685 4.228826105392018 0
      vertex 229.3910362600903 4.938532541079281 0
      vertex 229.3910362600903 4.938532541079281 70
    endloop
  endfacet
  facet normal 0.9415440651830168 -0.3368898533922314 2.2626689212709036e-19
    outer loop
      vertex 229.3910362600903 4.938532541079281 0
      vertex 229.65552268585768 5.677722581964302 0
      vertex 229.65552268585768 5.677722581964302 70
    endloop
  endfacet
  facet normal 0.9700312531945413 -0.24298017990327478 0
    outer loop
      vertex 229.65552268585768 5.677722581964302 0
      vertex 229.84628224322586 6.4392774238709745 0
      vertex 229.65552268585768 5.677722581964302 70
    endloop
  endfacet
  facet normal 0.9891765099647845 -0.1467304744553382 1.0328709441017905e-19
    outer loop
      vertex 229.84628224322586 6.4392774238709745 0
      vertex 229.96147781337757 7.215862877363515 0
      vertex 229.96147781337757 7.215862877363515 70
    endloop
  endfacet
  facet normal 0.9987954562051721 -0.04906767432742433 1.5288013881212765e-20
    outer loop
      vertex 229.96147781337757 7.215862877363515 0
      vertex 230 8 0
      vertex 230 8 70
    endloop
  endfacet
  facet normal -0.9415440651830053 0.33688985339226346 0
    outer loop
      vertex 227.29551813004514 4.86926627053964 2
      vertex 227.29551813004514 4.86926627053964 70
      vertex 227.42776134292885 5.23886129098215 2
    endloop
  endfacet
  facet normal -0.9700312531945497 0.24298017990324072 0
    outer loop
      vertex 227.42776134292885 5.23886129098215 2
      vertex 227.42776134292885 5.23886129098215 70
      vertex 227.52314112161292 5.619638711935487 2
    endloop
  endfacet
  facet normal -0.9891765099647791 0.1467304744553736 0
    outer loop
      vertex 227.52314112161292 5.619638711935487 2
      vertex 227.52314112161292 5.619638711935487 70
      vertex 227.5807389066888 6.007931438681757 2
    endloop
  endfacet
  facet normal -0.9987954562051702 0.04906767432746032 0
    outer loop
      vertex 227.5807389066888 6.007931438681757 2
      vertex 227.5807389066888 6.007931438681757 70
      vertex 227.60000000000002 6.4 2
    endloop
  endfacet
  facet normal -1 0 0
    outer loop
      vertex 227.60000000000002 6.4 2
      vertex 227.60000000000002 6.4 70
      vertex 227.60000000000002 83.2 2
    endloop
  endfacet
  facet normal 0 0 1
    outer loop
      vertex 192.4 6.4 2
      vertex 192.4 83.2 2
      vertex 189.93073372946037 86.89551813004515 2
    endloop
  endfacet
  facet normal 0 0 1
    outer loop
      vertex 194.9722386570712 5.23886129098215 2
      vertex 198.8 87.2 2
      vertex 194.8 83.2 2
    endloop
  endfacet
  facet normal 0 0 1
    outer loop
      vertex 226.1375731366546 3.307958186549052 2
      vertex 227.42776134292885 84.36113870901785 2
      vertex 198.8 87.2 2
    endloop
  endfacet
  facet normal 0 0 1
    outer loop
      vertex 227.60000000000002 6.4 2
      vertex 227.60000000000002 83.2 2
      vertex 227.42776134292885 84.36113870901785 2
    endloop
  endfacet
  facet normal 1 0 0
    outer loop
      vertex 194.8 6.4 2
      vertex 194.8 83.2 2
      vertex 194.8 83.2 70
    endloop
  endfacet
  facet normal 1 0 0
    outer loop
      vertex 230 8 0
      vertex 230 142 0
      vertex 230 8 70
    endloop
  endfacet
  facet normal 0 1 0
    outer loop
      vertex 188.4 2.4 2
      vertex 6.4 2.4 70
      vertex 188.4 2.4 70
    endloop
  endfacet
  facet normal 0 0 1
    outer loop
      vertex 226.4445618641568 1.3482431015796381 70
      vertex 188.4 2.4 70
      vertex 6.4 2.4 70
    endloop
  endfacet
  facet normal 0 0 1
    outer loop
      vertex 8 0 70
      vertex 222 0 70
      vertex 226.4445618641568 1.3482431015796381 70
    endloop
  endfacet
  facet normal -0.04906767432741789 0.9987954562051724 0
    outer loop
      vertex 188.79206856131825 2.419261093311212 2
      vertex 188.4 2.4 70
      vertex 188.79206856131825 2.419261093311212 70
    endloop
  endfacet
  facet normal -0.1467304744553619 0.9891765099647809 0
    outer loop
      vertex 189.18036128806452 2.476858878387078 2
      vertex 188.79206856131825 2.419261093311212 70
      vertex 189.18036128806452 2.476858878387078 70
    endloop
  endfacet
  facet normal -0.24298017990326415 0.970031253194544 0
    outer loop
      vertex 189.56113870901785 2.5722386570711646 2
      vertex 189.18036128806452 2.476858878387078 70
      vertex 189.56113870901785 2.5722386570711646 70
    endloop
  endfacet
  facet normal -0.3368898533922136 0.9415440651830231 0
    outer loop
      vertex 189.93073372946037 2.704481869954853 2
      vertex 189.56113870901785 2.5722386570711646 70
      vertex 189.93073372946037 2.704481869954853 70
    endloop
  endfacet
  facet normal -0.42755509343030107 0.9039892931234343 0
    outer loop
      vertex 190.28558694730398 2.8723149426065797 2
      vertex 189.93073372946037 2.704481869954853 70
      vertex 190.28558694730398 2.8723149426065797 70
    endloop
  endfacet
  facet normal -0.5141027441932113 0.8577286100002783 0
    outer loop
      vertex 190.6222809320784 3.074121550789819 2
      vertex 190.28558694730398 2.8723149426065797 70
      vertex 190.6222809320784 3.074121550789819 70
    endloop
  endfacet
  facet normal -0.5956993044924406 0.8032075314806396 0
    outer loop
      vertex 190.93757313665458 3.307958186549052 2
      vertex 190.6222809320784 3.074121550789819 70
      vertex 190.93757313665458 3.307958186549052 70
    endloop
  endfacet
  facet normal -0.671558954847013 0.7409511253549641 0
    outer loop
      vertex 191.2284271247462 3.5715728752538096 2
      vertex 190.93757313665458 3.307958186549052 70
      vertex 191.2284271247462 3.5715728752538096 70
    endloop
  endfacet
  facet normal -0.7409511253549527 0.6715589548470254 0
    outer loop
      vertex 191.49204181345095 3.862426863345418 2
      vertex 191.2284271247462 3.5715728752538096 70
      vertex 191.49204181345095 3.862426863345418 70
    endloop
  endfacet
  facet normal -0.8032075314806294 0.5956993044924542 0
    outer loop
      vertex 191.7258784492102 4.177719067921592 2
      vertex 191.49204181345095 3.862426863345418 70
      vertex 191.7258784492102 4.177719067921592 70
    endloop
  endfacet
  facet normal -0.8577286100002781 0.5141027441932117 0
    outer loop
      vertex 191.92768505739343 4.514413052696009 2
      vertex 191.7258784492102 4.177719067921592 70
      vertex 191.92768505739343 4.514413052696009 70
    endloop
  endfacet
  facet normal -0.9039892931234527 0.42755509343026243 0
    outer loop
      vertex 192.09551813004515 4.86926627053964 2
      vertex 191.92768505739343 4.514413052696009 70
      vertex 192.09551813004515 4.86926627053964 70
    endloop
  endfacet
  facet normal -0.9415440651830282 0.3368898533921993 0
    outer loop
      vertex 192.22776134292883 5.23886129098215 2
      vertex 192.09551813004515 4.86926627053964 70
      vertex 192.22776134292883 5.23886129098215 70
    endloop
  endfacet
  facet normal -0.9700312531945328 0.24298017990330886 0
    outer loop
      vertex 192.32314112161293 5.619638711935487 2
      vertex 192.22776134292883 5.23886129098215 70
      vertex 192.32314112161293 5.619638711935487 70
    endloop
  endfacet
  facet normal -0.9891765099647791 0.1467304744553736 0
    outer loop
      vertex 192.3807389066888 6.007931438681757 2
      vertex 192.32314112161293 5.619638711935487 70
      vertex 192.3807389066888 6.007931438681757 70
    endloop
  endfacet
  facet normal -0.9987954562051738 0.049067674327388094 0
    outer loop
      vertex 192.4 6.4 2
      vertex 192.3807389066888 6.007931438681757 70
      vertex 192.4 6.4 70
    endloop
  endfacet
  facet normal 0.8032075314806294 0.5956993044924542 0
    outer loop
      vertex 195.70795818654906 3.862426863345418 2
      vertex 195.47412155078982 4.177719067921592 70
      vertex 195.70795818654906 3.862426863345418 70
    endloop
  endfacet
  facet normal 0.8577286100002781 0.5141027441932117 0
    outer loop
      vertex 195.47412155078982 4.177719067921592 2
      vertex 195.27231494260658 4.514413052696009 70
      vertex 195.47412155078982 4.177719067921592 70
    endloop
  endfacet
  facet normal 0.9039892931234527 0.42755509343026243 0
    outer loop
      vertex 195.27231494260658 4.514413052696009 2
      vertex 195.10448186995487 4.86926627053964 70
      vertex 195.27231494260658 4.514413052696009 70
    endloop
  endfacet
  facet normal 0.671558954847013 0.7409511253549641 0
    outer loop
      vertex 196.26242686334544 3.307958186549052 2
      vertex 195.97157287525383 3.5715728752538096 70
      vertex 196.26242686334544 3.307958186549052 70
    endloop
  endfacet
  facet normal 0.5956993044924406 0.8032075314806396 0
    outer loop
      vertex 196.5777190679216 3.074121550789819 2
      vertex 196.26242686334544 3.307958186549052 70
      vertex 196.5777190679216 3.074121550789819 70
    endloop
  endfacet
  facet normal 0.42755509343030107 0.9039892931234343 0
    outer loop
      vertex 197.26926627053965 2.704481869954853 2
      vertex 196.91441305269603 2.8723149426065797 70
      vertex 197.26926627053965 2.704481869954853 70
    endloop
  endfacet
  facet normal 0.3368898533922136 0.9415440651830231 0
    outer loop
      vertex 197.63886129098216 2.5722386570711646 2
      vertex 197.26926627053965 2.704481869954853 70
      vertex 197.63886129098216 2.5722386570711646 70
    endloop
  endfacet
  facet normal 0.5141027441932113 0.8577286100002783 0
    outer loop
      vertex 196.91441305269603 2.8723149426065797 2
      vertex 196.5777190679216 3.074121550789819 70
      vertex 196.91441305269603 2.8723149426065797 70
    endloop
  endfacet
  facet normal 0.7409511253549527 0.6715589548470254 0
    outer loop
      vertex 195.97157287525383 3.5715728752538096 2
      vertex 195.70795818654906 3.862426863345418 70
      vertex 195.97157287525383 3.5715728752538096 70
    endloop
  endfacet
  facet normal 0.24298017990326415 0.970031253194544 0
    outer loop
      vertex 198.0196387119355 2.476858878387078 2
      vertex 197.63886129098216 2.5722386570711646 70
      vertex 198.0196387119355 2.476858878387078 70
    endloop
  endfacet
  facet normal 0.1467304744553619 0.9891765099647809 0
    outer loop
      vertex 198.40793143868177 2.419261093311212 2
      vertex 198.0196387119355 2.476858878387078 70
      vertex 198.40793143868177 2.419261093311212 70
    endloop
  endfacet
  facet normal 0.04906767432741789 0.9987954562051724 0
    outer loop
      vertex 198.8 2.4 2
      vertex 198.40793143868177 2.419261093311212 70
      vertex 198.8 2.4 70
    endloop
  endfacet
  facet normal 0.9700312531945328 0.24298017990330886 0
    outer loop
      vertex 194.9722386570712 5.23886129098215 2
      vertex 194.87685887838708 5.619638711935487 70
      vertex 194.9722386570712 5.23886129098215 70
    endloop
  endfacet
  facet normal 0.9891765099647791 0.1467304744553736 0
    outer loop
      vertex 194.87685887838708 5.619638711935487 2
      vertex 194.8192610933112 6.007931438681757 70
      vertex 194.87685887838708 5.619638711935487 70
    endloop
  endfacet
  facet normal 0.9415440651830282 0.3368898533921993 0
    outer loop
      vertex 195.10448186995487 4.86926627053964 2
      vertex 194.9722386570712 5.23886129098215 70
      vertex 195.10448186995487 4.86926627053964 70
    endloop
  endfacet
  facet normal 0.9987954562051738 0.049067674327388094 0
    outer loop
      vertex 194.8192610933112 6.007931438681757 2
      vertex 194.8 6.4 70
      vertex 194.8192610933112 6.007931438681757 70
    endloop
  endfacet
  facet normal 1 0 0
    outer loop
      vertex 194.8 6.4 2
      vertex 194.8 83.2 70
      vertex 194.8 6.4 70
    endloop
  endfacet
  facet normal 0 1 0
    outer loop
      vertex 223.60000000000002 2.4 2
      vertex 198.8 2.4 70
      vertex 223.60000000000002 2.4 70
    endloop
  endfacet
  facet normal 0.04906767432741788 -0.9987954562051724 0
    outer loop
      vertex 222 0 0
      vertex 222.78413712263648 0.03852218662242457 70
      vertex 222 0 70
    endloop
  endfacet
  facet normal 0.1467304744553619 -0.9891765099647809 0
    outer loop
      vertex 222.78413712263648 0.03852218662242457 0
      vertex 223.56072257612902 0.15371775677415656 70
      vertex 222.78413712263648 0.03852218662242457 70
    endloop
  endfacet
  facet normal 0.24298017990326415 -0.9700312531945439 0
    outer loop
      vertex 224.3222774180357 0.3444773141423294 0
      vertex 224.3222774180357 0.3444773141423294 70
      vertex 223.56072257612902 0.15371775677415656 70
    endloop
  endfacet
  facet normal 0.33688985339221356 -0.941544065183023 0
    outer loop
      vertex 224.3222774180357 0.3444773141423294 0
      vertex 225.06146745892073 0.6089637399097061 70
      vertex 224.3222774180357 0.3444773141423294 70
    endloop
  endfacet
  facet normal 0.4275550934302871 -0.9039892931234409 0
    outer loop
      vertex 225.06146745892073 0.6089637399097061 0
      vertex 225.77117389460798 0.9446298852131596 70
      vertex 225.06146745892073 0.6089637399097061 70
    endloop
  endfacet
  facet normal 0.5141027441932273 -0.8577286100002688 0
    outer loop
      vertex 226.4445618641568 1.3482431015796381 0
      vertex 226.4445618641568 1.3482431015796381 70
      vertex 225.77117389460798 0.9446298852131596 70
    endloop
  endfacet
  facet normal -0.04906767432741789 0.9987954562051724 0
    outer loop
      vertex 223.99206856131826 2.419261093311212 2
      vertex 223.60000000000002 2.4 70
      vertex 223.99206856131826 2.419261093311212 70
    endloop
  endfacet
  facet normal -0.1467304744553619 0.9891765099647809 0
    outer loop
      vertex 224.38036128806453 2.476858878387078 2
      vertex 223.99206856131826 2.419261093311212 70
      vertex 224.38036128806453 2.476858878387078 70
    endloop
  endfacet
  facet normal -0.24298017990326415 0.970031253194544 0
    outer loop
      vertex 224.76113870901787 2.5722386570711646 2
      vertex 224.38036128806453 2.476858878387078 70
      vertex 224.76113870901787 2.5722386570711646 70
    endloop
  endfacet
  facet normal -0.33688985339223654 0.9415440651830148 0
    outer loop
      vertex 225.13073372946036 2.704481869954853 2
      vertex 224.76113870901787 2.5722386570711646 70
      vertex 225.13073372946036 2.704481869954853 70
    endloop
  endfacet
  facet normal -0.4275550934302731 0.9039892931234476 0
    outer loop
      vertex 225.485586947304 2.8723149426065797 2
      vertex 225.13073372946036 2.704481869954853 70
      vertex 225.485586947304 2.8723149426065797 70
    endloop
  endfacet
  facet normal -0.5141027441932113 0.8577286100002783 0
    outer loop
      vertex 225.82228093207843 3.074121550789819 2
      vertex 225.485586947304 2.8723149426065797 70
      vertex 225.82228093207843 3.074121550789819 70
    endloop
  endfacet
  facet normal -0.5956993044924406 0.8032075314806396 0
    outer loop
      vertex 226.1375731366546 3.307958186549052 2
      vertex 225.82228093207843 3.074121550789819 70
      vertex 226.1375731366546 3.307958186549052 70
    endloop
  endfacet
  facet normal -0.671558954847013 0.7409511253549641 0
    outer loop
      vertex 226.4284271247462 3.5715728752538096 2
      vertex 226.1375731366546 3.307958186549052 70
      vertex 226.4284271247462 3.5715728752538096 70
    endloop
  endfacet
  facet normal 0.5956993044924233 -0.8032075314806524 0
    outer loop
      vertex 227.07514627330917 1.815916373098104 0
      vertex 227.07514627330917 1.815916373098104 70
      vertex 226.4445618641568 1.3482431015796381 70
    endloop
  endfacet
  facet normal 0.671558954847031 -0.7409511253549478 0
    outer loop
      vertex 227.07514627330917 1.815916373098104 0
      vertex 227.65685424949237 2.3431457505076194 70
      vertex 227.07514627330917 1.815916373098104 70
    endloop
  endfacet
  facet normal 0.7409511253549527 -0.6715589548470254 0
    outer loop
      vertex 228.1840836269019 2.924853726690836 0
      vertex 228.1840836269019 2.924853726690836 70
      vertex 227.65685424949237 2.3431457505076194 70
    endloop
  endfacet
  facet normal 0.8032075314806464 -0.5956993044924316 0
    outer loop
      vertex 228.1840836269019 2.924853726690836 0
      vertex 228.65175689842036 3.5554381358431826 70
      vertex 228.1840836269019 2.924853726690836 70
    endloop
  endfacet
  facet normal 0.8577286100002627 -0.5141027441932372 0
    outer loop
      vertex 228.65175689842036 3.5554381358431826 0
      vertex 229.05537011478685 4.228826105392018 70
      vertex 228.65175689842036 3.5554381358431826 70
    endloop
  endfacet
  facet normal 0.9039892931234526 -0.42755509343026243 0
    outer loop
      vertex 229.05537011478685 4.228826105392018 0
      vertex 229.3910362600903 4.938532541079281 70
      vertex 229.05537011478685 4.228826105392018 70
    endloop
  endfacet
  facet normal -0.7409511253549887 0.6715589548469857 0
    outer loop
      vertex 226.69204181345094 3.862426863345418 2
      vertex 226.4284271247462 3.5715728752538096 70
      vertex 226.69204181345094 3.862426863345418 70
    endloop
  endfacet
  facet normal -0.8032075314806294 0.5956993044924542 0
    outer loop
      vertex 226.9258784492102 4.177719067921592 2
      vertex 226.69204181345094 3.862426863345418 70
      vertex 226.9258784492102 4.177719067921592 70
    endloop
  endfacet
  facet normal -0.8577286100002781 0.5141027441932117 0
    outer loop
      vertex 227.12768505739342 4.514413052696009 2
      vertex 226.9258784492102 4.177719067921592 70
      vertex 227.12768505739342 4.514413052696009 70
    endloop
  endfacet
  facet normal 0.9415440651830168 -0.3368898533922314 0
    outer loop
      vertex 229.3910362600903 4.938532541079281 0
      vertex 229.65552268585768 5.677722581964302 70
      vertex 229.3910362600903 4.938532541079281 70
    endloop
  endfacet
  facet normal 0.9700312531945413 -0.24298017990327478 0
    outer loop
      vertex 229.84628224322586 6.4392774238709745 0
      vertex 229.84628224322586 6.4392774238709745 70
      vertex 229.65552268585768 5.677722581964302 70
    endloop
  endfacet
  facet normal 0.9891765099647845 -0.1467304744553382 0
    outer loop
      vertex 229.84628224322586 6.4392774238709745 0
      vertex 229.96147781337757 7.215862877363515 70
      vertex 229.84628224322586 6.4392774238709745 70
    endloop
  endfacet
  facet normal -0.9039892931234527 0.42755509343026243 0
    outer loop
      vertex 227.29551813004514 4.86926627053964 2
      vertex 227.12768505739342 4.514413052696009 70
      vertex 227.29551813004514 4.86926627053964 70
    endloop
  endfacet
  facet normal -0.9415440651830053 0.33688985339226346 0
    outer loop
      vertex 227.42776134292885 5.23886129098215 2
      vertex 227.29551813004514 4.86926627053964 70
      vertex 227.42776134292885 5.23886129098215 70
    endloop
  endfacet
  facet normal -0.9700312531945497 0.24298017990324072 0
    outer loop
      vertex 227.52314112161292 5.619638711935487 2
      vertex 227.42776134292885 5.23886129098215 70
      vertex 227.52314112161292 5.619638711935487 70
    endloop
  endfacet
  facet normal -0.9891765099647791 0.1467304744553736 0
    outer loop
      vertex 227.5807389066888 6.007931438681757 2
      vertex 227.52314112161292 5.619638711935487 70
      vertex 227.5807389066888 6.007931438681757 70
    endloop
  endfacet
  facet normal -0.9987954562051702 0.04906767432746032 0
    outer loop
      vertex 227.60000000000002 6.4 2
      vertex 227.5807389066888 6.007931438681757 70
      vertex 227.60000000000002 6.4 70
    endloop
  endfacet
  facet normal 0.9987954562051721 -0.04906767432742433 0
    outer loop
      vertex 229.96147781337757 7.215862877363515 0
      vertex 230 8 70
      vertex 229.96147781337757 7.215862877363515 70
    endloop
  endfacet
  facet normal 0 0 1
    outer loop
      vertex 189.93073372946037 2.704481869954853 70
      vertex 196.91441305269603 2.8723149426065797 70
      vertex 190.28558694730398 2.8723149426065797 70
    endloop
  endfacet
  facet normal 0 0 1
    outer loop
      vertex 190.6222809320784 3.074121550789819 70
      vertex 190.28558694730398 2.8723149426065797 70
      vertex 196.5777190679216 3.074121550789819 70
    endloop
  endfacet
  facet normal 0 0 1
    outer loop
      vertex 190.93757313665458 3.307958186549052 70
      vertex 190.6222809320784 3.074121550789819 70
      vertex 196.26242686334544 3.307958186549052 70
    endloop
  endfacet
  facet normal 0 0 1
    outer loop
      vertex 190.93757313665458 3.307958186549052 70
      vertex 195.97157287525383 3.5715728752538096 70
      vertex 191.2284271247462 3.5715728752538096 70
    endloop
  endfacet
  facet normal 0 0 1
    outer loop
      vertex 191.49204181345095 3.862426863345418 70
      vertex 191.2284271247462 3.5715728752538096 70
      vertex 195.70795818654906 3.862426863345418 70
    endloop
  endfacet
  facet normal 0 0 1
    outer loop
      vertex 191.7258784492102 4.177719067921592 70
      vertex 191.49204181345095 3.862426863345418 70
      vertex 195.47412155078982 4.177719067921592 70
    endloop
  endfacet
  facet normal 0 0 1
    outer loop
      vertex 191.7258784492102 4.177719067921592 70
      vertex 195.27231494260658 4.514413052696009 70
      vertex 191.92768505739343 4.514413052696009 70
    endloop
  endfacet
  facet normal 0 0 1
    outer loop
      vertex 192.09551813004515 4.86926627053964 70
      vertex 191.92768505739343 4.514413052696009 70
      vertex 195.10448186995487 4.86926627053964 70
    endloop
  endfacet
  facet normal 0 0 1
    outer loop
      vertex 192.22776134292883 5.23886129098215 70
      vertex 192.09551813004515 4.86926627053964 70
      vertex 194.9722386570712 5.23886129098215 70
    endloop
  endfacet
  facet normal 0 0 1
    outer loop
      vertex 192.22776134292883 5.23886129098215 70
      vertex 194.87685887838708 5.619638711935487 70
      vertex 192.32314112161293 5.619638711935487 70
    endloop
  endfacet
  facet normal 0 0 1
    outer loop
      vertex 192.09551813004515 4.86926627053964 70
      vertex 195.10448186995487 4.86926627053964 70
      vertex 194.9722386570712 5.23886129098215 70
    endloop
  endfacet
  facet normal 0 0 1
    outer loop
      vertex 192.22776134292883 5.23886129098215 70
      vertex 194.9722386570712 5.23886129098215 70
      vertex 194.87685887838708 5.619638711935487 70
    endloop
  endfacet
  facet normal 0 0 1
    outer loop
      vertex 192.32314112161293 5.619638711935487 70
      vertex 194.87685887838708 5.619638711935487 70
      vertex 194.8192610933112 6.007931438681757 70
    endloop
  endfacet
  facet normal 0 0 1
    outer loop
      vertex 192.32314112161293 5.619638711935487 70
      vertex 194.8192610933112 6.007931438681757 70
      vertex 192.3807389066888 6.007931438681757 70
    endloop
  endfacet
  facet normal 0 0 1
    outer loop
      vertex 192.4 6.4 70
      vertex 192.3807389066888 6.007931438681757 70
      vertex 194.8 6.4 70
    endloop
  endfacet
  facet normal 0 0 1
    outer loop
      vertex 194.8 6.4 70
      vertex 192.3807389066888 6.007931438681757 70
      vertex 194.8192610933112 6.007931438681757 70
    endloop
  endfacet
  facet normal 0 0 1
    outer loop
      vertex 189.93073372946037 2.704481869954853 70
      vertex 197.26926627053965 2.704481869954853 70
      vertex 196.91441305269603 2.8723149426065797 70
    endloop
  endfacet
  facet normal 0 0 1
    outer loop
      vertex 189.93073372946037 2.704481869954853 70
      vertex 197.63886129098216 2.5722386570711646 70
      vertex 197.26926627053965 2.704481869954853 70
    endloop
  endfacet
  facet normal 0 0 1
    outer loop
      vertex 196.26242686334544 3.307958186549052 70
      vertex 190.6222809320784 3.074121550789819 70
      vertex 196.5777190679216 3.074121550789819 70
    endloop
  endfacet
  facet normal 0 0 1
    outer loop
      vertex 190.93757313665458 3.307958186549052 70
      vertex 196.26242686334544 3.307958186549052 70
      vertex 195.97157287525383 3.5715728752538096 70
    endloop
  endfacet
  facet normal 0 0 1
    outer loop
      vertex 196.91441305269603 2.8723149426065797 70
      vertex 196.5777190679216 3.074121550789819 70
      vertex 190.28558694730398 2.8723149426065797 70
    endloop
  endfacet
  facet normal 0 0 1
    outer loop
      vertex 189.93073372946037 2.704481869954853 70
      vertex 198.0196387119355 2.476858878387078 70
      vertex 197.63886129098216 2.5722386570711646 70
    endloop
  endfacet
  facet normal 0 0 1
    outer loop
      vertex 189.93073372946037 2.704481869954853 70
      vertex 198.40793143868177 2.419261093311212 70
      vertex 198.0196387119355 2.476858878387078 70
    endloop
  endfacet
  facet normal 0 0 1
    outer loop
      vertex 189.93073372946037 2.704481869954853 70
      vertex 198.8 2.4 70
      vertex 198.40793143868177 2.419261093311212 70
    endloop
  endfacet
  facet normal 0 0 1
    outer loop
      vertex 195.70795818654906 3.862426863345418 70
      vertex 191.2284271247462 3.5715728752538096 70
      vertex 195.97157287525383 3.5715728752538096 70
    endloop
  endfacet
  facet normal 0 0 1
    outer loop
      vertex 195.47412155078982 4.177719067921592 70
      vertex 191.49204181345095 3.862426863345418 70
      vertex 195.70795818654906 3.862426863345418 70
    endloop
  endfacet
  facet normal 0 0 1
    outer loop
      vertex 191.7258784492102 4.177719067921592 70
      vertex 195.47412155078982 4.177719067921592 70
      vertex 195.27231494260658 4.514413052696009 70
    endloop
  endfacet
  facet normal 0 0 1
    outer loop
      vertex 195.10448186995487 4.86926627053964 70
      vertex 191.92768505739343 4.514413052696009 70
      vertex 195.27231494260658 4.514413052696009 70
    endloop
  endfacet
  facet normal 0 0 1
    outer loop
      vertex 226.4445618641568 1.3482431015796381 70
      vertex 188.79206856131825 2.419261093311212 70
      vertex 188.4 2.4 70
    endloop
  endfacet
  facet normal 0 0 1
    outer loop
      vertex 194.8 83.2 70
      vertex 192.4 6.4 70
      vertex 194.8 6.4 70
    endloop
  endfacet
  facet normal 0 0 1
    outer loop
      vertex 226.4445618641568 1.3482431015796381 70
      vertex 189.18036128806452 2.476858878387078 70
      vertex 188.79206856131825 2.419261093311212 70
    endloop
  endfacet
  facet normal 0 0 1
    outer loop
      vertex 226.4445618641568 1.3482431015796381 70
      vertex 189.56113870901785 2.5722386570711646 70
      vertex 189.18036128806452 2.476858878387078 70
    endloop
  endfacet
  facet normal 0 0 1
    outer loop
      vertex 226.4445618641568 1.3482431015796381 70
      vertex 189.93073372946037 2.704481869954853 70
      vertex 189.56113870901785 2.5722386570711646 70
    endloop
  endfacet
  facet normal 0 0 1
    outer loop
      vertex 226.4445618641568 1.3482431015796381 70
      vertex 198.8 2.4 70
      vertex 189.93073372946037 2.704481869954853 70
    endloop
  endfacet
  facet normal 0 0 1
    outer loop
      vertex 226.4445618641568 1.3482431015796381 70
      vertex 223.60000000000002 2.4 70
      vertex 198.8 2.4 70
    endloop
  endfacet
  facet normal 0 0 1
    outer loop
      vertex 222 0 70
      vertex 222.78413712263648 0.03852218662242457 70
      vertex 224.3222774180357 0.3444773141423294 70
    endloop
  endfacet
  facet normal 0 0 1
    outer loop
      vertex 222.78413712263648 0.03852218662242457 70
      vertex 223.56072257612902 0.15371775677415656 70
      vertex 224.3222774180357 0.3444773141423294 70
    endloop
  endfacet
  facet normal 0 0 1
    outer loop
      vertex 222 0 70
      vertex 224.3222774180357 0.3444773141423294 70
      vertex 226.4445618641568 1.3482431015796381 70
    endloop
  endfacet
  facet normal 0 0 1
    outer loop
      vertex 224.3222774180357 0.3444773141423294 70
      vertex 225.06146745892073 0.6089637399097061 70
      vertex 226.4445618641568 1.3482431015796381 70
    endloop
  endfacet
  facet normal 0 0 1
    outer loop
      vertex 225.06146745892073 0.6089637399097061 70
      vertex 225.77117389460798 0.9446298852131596 70
      vertex 226.4445618641568 1.3482431015796381 70
    endloop
  endfacet
  facet normal 0 0 1
    outer loop
      vertex 226.4445618641568 1.3482431015796381 70
      vertex 223.99206856131826 2.419261093311212 70
      vertex 223.60000000000002 2.4 70
    endloop
  endfacet
  facet normal 0 0 1
    outer loop
      vertex 226.4445618641568 1.3482431015796381 70
      vertex 224.38036128806453 2.476858878387078 70
      vertex 223.99206856131826 2.419261093311212 70
    endloop
  endfacet
  facet normal 0 0 1
    outer loop
      vertex 226.4445618641568 1.3482431015796381 70
      vertex 224.76113870901787 2.5722386570711646 70
      vertex 224.38036128806453 2.476858878387078 70
    endloop
  endfacet
  facet normal 0 0 1
    outer loop
      vertex 226.4445618641568 1.3482431015796381 70
      vertex 225.13073372946036 2.704481869954853 70
      vertex 224.76113870901787 2.5722386570711646 70
    endloop
  endfacet
  facet normal 0 0 1
    outer loop
      vertex 226.4445618641568 1.3482431015796381 70
      vertex 225.485586947304 2.8723149426065797 70
      vertex 225.13073372946036 2.704481869954853 70
    endloop
  endfacet
  facet normal 0 0 1
    outer loop
      vertex 226.4445618641568 1.3482431015796381 70
      vertex 225.82228093207843 3.074121550789819 70
      vertex 225.485586947304 2.8723149426065797 70
    endloop
  endfacet
  facet normal 0 0 1
    outer loop
      vertex 226.4445618641568 1.3482431015796381 70
      vertex 226.1375731366546 3.307958186549052 70
      vertex 225.82228093207843 3.074121550789819 70
    endloop
  endfacet
  facet normal 0 0 1
    outer loop
      vertex 226.4445618641568 1.3482431015796381 70
      vertex 226.4284271247462 3.5715728752538096 70
      vertex 226.1375731366546 3.307958186549052 70
    endloop
  endfacet
  facet normal 0 0 1
    outer loop
      vertex 226.4445618641568 1.3482431015796381 70
      vertex 227.07514627330917 1.815916373098104 70
      vertex 227.65685424949237 2.3431457505076194 70
    endloop
  endfacet
  facet normal 0 0 1
    outer loop
      vertex 226.4445618641568 1.3482431015796381 70
      vertex 226.69204181345094 3.862426863345418 70
      vertex 226.4284271247462 3.5715728752538096 70
    endloop
  endfacet
  facet normal 0 0 1
    outer loop
      vertex 226.4445618641568 1.3482431015796381 70
      vertex 226.9258784492102 4.177719067921592 70
      vertex 226.69204181345094 3.862426863345418 70
    endloop
  endfacet
  facet normal 0 0 1
    outer loop
      vertex 226.4445618641568 1.3482431015796381 70
      vertex 227.65685424949237 2.3431457505076194 70
      vertex 229.05537011478685 4.228826105392018 70
    endloop
  endfacet
  facet normal 0 0 1
    outer loop
      vertex 226.4445618641568 1.3482431015796381 70
      vertex 230 8 70
      vertex 226.9258784492102 4.177719067921592 70
    endloop
  endfacet
  facet normal 0 0 1
    outer loop
      vertex 227.65685424949237 2.3431457505076194 70
      vertex 228.1840836269019 2.924853726690836 70
      vertex 229.05537011478685 4.228826105392018 70
    endloop
  endfacet
  facet normal 0 0 1
    outer loop
      vertex 228.1840836269019 2.924853726690836 70
      vertex 228.65175689842036 3.5554381358431826 70
      vertex 229.05537011478685 4.228826105392018 70
    endloop
  endfacet
  facet normal 0 0 1
    outer loop
      vertex 226.4445618641568 1.3482431015796381 70
      vertex 229.05537011478685 4.228826105392018 70
      vertex 230 8 70
    endloop
  endfacet
  facet normal 0 0 1
    outer loop
      vertex 230 8 70
      vertex 227.12768505739342 4.514413052696009 70
      vertex 226.9258784492102 4.177719067921592 70
    endloop
  endfacet
  facet normal 0 0 1
    outer loop
      vertex 230 8 70
      vertex 227.29551813004514 4.86926627053964 70
      vertex 227.12768505739342 4.514413052696009 70
    endloop
  endfacet
  facet normal 0 0 1
    outer loop
      vertex 229.05537011478685 4.228826105392018 70
      vertex 229.3910362600903 4.938532541079281 70
      vertex 229.65552268585768 5.677722581964302 70
    endloop
  endfacet
  facet normal 0 0 1
    outer loop
      vertex 230 8 70
      vertex 227.42776134292885 5.23886129098215 70
      vertex 227.29551813004514 4.86926627053964 70
    endloop
  endfacet
  facet normal 0 0 1
    outer loop
      vertex 230 8 70
      vertex 227.52314112161292 5.619638711935487 70
      vertex 227.42776134292885 5.23886129098215 70
    endloop
  endfacet
  facet normal 0 0 1
    outer loop
      vertex 230 8 70
      vertex 227.5807389066888 6.007931438681757 70
      vertex 227.52314112161292 5.619638711935487 70
    endloop
  endfacet
  facet normal 0 0 1
    outer loop
      vertex 230 8 70
      vertex 227.60000000000002 6.4 70
      vertex 227.5807389066888 6.007931438681757 70
    endloop
  endfacet
  facet normal 0 0 1
    outer loop
      vertex 229.05537011478685 4.228826105392018 70
      vertex 229.65552268585768 5.677722581964302 70
      vertex 230 8 70
    endloop
  endfacet
  facet normal 0 0 1
    outer loop
      vertex 229.65552268585768 5.677722581964302 70
      vertex 229.84628224322586 6.4392774238709745 70
      vertex 229.96147781337757 7.215862877363515 70
    endloop
  endfacet
  facet normal 0 0 1
    outer loop
      vertex 229.65552268585768 5.677722581964302 70
      vertex 229.96147781337757 7.215862877363515 70
      vertex 230 8 70
    endloop
  endfacet
  facet normal 0 0 1
    outer loop
      vertex 230 8 70
      vertex 227.60000000000002 83.2 70
      vertex 227.60000000000002 6.4 70
    endloop
  endfacet
  facet normal -1 0 0
    outer loop
      vertex 192.4 83.2 2
      vertex 192.4 6.4 70
      vertex 192.4 83.2 70
    endloop
  endfacet
  facet normal -1 0 0
    outer loop
      vertex 227.60000000000002 83.2 2
      vertex 227.60000000000002 6.4 70
      vertex 227.60000000000002 83.2 70
    endloop
  endfacet
  facet normal 0 0 1
    outer loop
      vertex 194.8 83.2 70
      vertex 192.4 83.2 70
      vertex 192.4 6.4 70
    endloop
  endfacet
  facet normal 0 0 1
    outer loop
      vertex 230 8 70
      vertex 227.42776134292882 92.43886129098215 70
      vertex 227.60000000000002 83.2 70
    endloop
  endfacet
  facet normal 0 0 1
    outer loop
      vertex 230 8 70
      vertex 227.52314112161292 92.81963871193548 70
      vertex 227.42776134292882 92.43886129098215 70
    endloop
  endfacet
  facet normal 0 0 1
    outer loop
      vertex 230 8 70
      vertex 227.5807389066888 93.20793143868175 70
      vertex 227.52314112161292 92.81963871193548 70
    endloop
  endfacet
  facet normal 0 0 1
    outer loop
      vertex 230 8 70
      vertex 227.60000000000002 93.6 70
      vertex 227.5807389066888 93.20793143868175 70
    endloop
  endfacet
  facet normal 0 0 1
    outer loop
      vertex 6.4 87.2 2
      vertex 189.93073372946037 86.89551813004515 2
      vertex 188.4 87.2 2
    endloop
  endfacet
  facet normal 0 0 1
    outer loop
      vertex 97.26926627053963 89.90448186995485 2
      vertex 98.8 89.6 2
      vertex 223.60000000000002 89.6 2
    endloop
  endfacet
  facet normal 0 0 1
    outer loop
      vertex 97.26926627053963 89.90448186995485 2
      vertex 227.60000000000002 93.6 2
      vertex 96.914413052696 147.12768505739342 2
    endloop
  endfacet
  facet normal 0 0 -1
    outer loop
      vertex 8 150 0
      vertex 226.4445618641568 148.65175689842036 0
      vertex 230 8 0
    endloop
  endfacet
  facet normal 0 1 0
    outer loop
      vertex 98.8 89.6 2
      vertex 98.8 89.6 70
      vertex 223.60000000000002 89.6 2
    endloop
  endfacet
  facet normal 0 0 1
    outer loop
      vertex 96.914413052696 147.12768505739342 2
      vertex 225.13073372946036 147.29551813004514 2
      vertex 98.8 147.6 2
    endloop
  endfacet
  facet normal 0 0 -1
    outer loop
      vertex 8 150 0
      vertex 222 150 0
      vertex 226.4445618641568 148.65175689842036 0
    endloop
  endfacet
  facet normal 0 0 1
    outer loop
      vertex 97.26926627053963 89.90448186995485 2
      vertex 223.60000000000002 89.6 2
      vertex 227.60000000000002 93.6 2
    endloop
  endfacet
  facet normal 0 0 1
    outer loop
      vertex 192.4 83.2 2
      vertex 192.22776134292883 84.36113870901785 2
      vertex 191.7258784492102 85.42228093207841 2
    endloop
  endfacet
  facet normal 0 0 1
    outer loop
      vertex 192.4 83.2 2
      vertex 192.3807389066888 83.59206856131824 2
      vertex 192.22776134292883 84.36113870901785 2
    endloop
  endfacet
  facet normal 0 0 1
    outer loop
      vertex 192.3807389066888 83.59206856131824 2
      vertex 192.32314112161293 83.98036128806451 2
      vertex 192.22776134292883 84.36113870901785 2
    endloop
  endfacet
  facet normal 0 0 1
    outer loop
      vertex 194.8 83.2 2
      vertex 194.87685887838708 83.98036128806451 2
      vertex 194.8192610933112 83.59206856131824 2
    endloop
  endfacet
  facet normal 0 0 1
    outer loop
      vertex 194.8 83.2 2
      vertex 195.10448186995487 84.73073372946037 2
      vertex 194.87685887838708 83.98036128806451 2
    endloop
  endfacet
  facet normal 0 0 1
    outer loop
      vertex 194.87685887838708 83.98036128806451 2
      vertex 195.10448186995487 84.73073372946037 2
      vertex 194.9722386570712 84.36113870901785 2
    endloop
  endfacet
  facet normal 0 0 1
    outer loop
      vertex 190.93757313665458 86.29204181345095 2
      vertex 190.28558694730398 86.72768505739343 2
      vertex 189.93073372946037 86.89551813004515 2
    endloop
  endfacet
  facet normal 0 0 1
    outer loop
      vertex 188.4 87.2 2
      vertex 189.18036128806452 87.12314112161292 2
      vertex 188.79206856131825 87.18073890668879 2
    endloop
  endfacet
  facet normal 0 0 1
    outer loop
      vertex 188.4 87.2 2
      vertex 189.93073372946037 86.89551813004515 2
      vertex 189.18036128806452 87.12314112161292 2
    endloop
  endfacet
  facet normal 0 0 1
    outer loop
      vertex 189.18036128806452 87.12314112161292 2
      vertex 189.93073372946037 86.89551813004515 2
      vertex 189.56113870901785 87.02776134292884 2
    endloop
  endfacet
  facet normal 0 0 1
    outer loop
      vertex 192.4 83.2 2
      vertex 191.7258784492102 85.42228093207841 2
      vertex 189.93073372946037 86.89551813004515 2
    endloop
  endfacet
  facet normal 0 0 1
    outer loop
      vertex 192.22776134292883 84.36113870901785 2
      vertex 192.09551813004515 84.73073372946037 2
      vertex 191.7258784492102 85.42228093207841 2
    endloop
  endfacet
  facet normal 0 0 1
    outer loop
      vertex 191.92768505739343 85.085586947304 2
      vertex 191.7258784492102 85.42228093207841 2
      vertex 192.09551813004515 84.73073372946037 2
    endloop
  endfacet
  facet normal 0 0 1
    outer loop
      vertex 191.49204181345095 85.73757313665459 2
      vertex 191.2284271247462 86.02842712474619 2
      vertex 190.93757313665458 86.29204181345095 2
    endloop
  endfacet
  facet normal 0 0 1
    outer loop
      vertex 190.93757313665458 86.29204181345095 2
      vertex 189.93073372946037 86.89551813004515 2
      vertex 191.7258784492102 85.42228093207841 2
    endloop
  endfacet
  facet normal 0 0 1
    outer loop
      vertex 190.93757313665458 86.29204181345095 2
      vertex 190.6222809320784 86.52587844921018 2
      vertex 190.28558694730398 86.72768505739343 2
    endloop
  endfacet
  facet normal 0 0 1
    outer loop
      vertex 191.49204181345095 85.73757313665459 2
      vertex 190.93757313665458 86.29204181345095 2
      vertex 191.7258784492102 85.42228093207841 2
    endloop
  endfacet
  facet normal 0 0 1
    outer loop
      vertex 194.8 83.2 2
      vertex 195.97157287525383 86.02842712474619 2
      vertex 195.10448186995487 84.73073372946037 2
    endloop
  endfacet
  facet normal 0 0 1
    outer loop
      vertex 195.10448186995487 84.73073372946037 2
      vertex 195.47412155078982 85.42228093207841 2
      vertex 195.27231494260658 85.085586947304 2
    endloop
  endfacet
  facet normal 0 0 1
    outer loop
      vertex 195.10448186995487 84.73073372946037 2
      vertex 195.97157287525383 86.02842712474619 2
      vertex 195.47412155078982 85.42228093207841 2
    endloop
  endfacet
  facet normal 0 0 1
    outer loop
      vertex 195.47412155078982 85.42228093207841 2
      vertex 195.97157287525383 86.02842712474619 2
      vertex 195.70795818654906 85.73757313665459 2
    endloop
  endfacet
  facet normal 0 0 1
    outer loop
      vertex 194.8 83.2 2
      vertex 198.8 87.2 2
      vertex 195.97157287525383 86.02842712474619 2
    endloop
  endfacet
  facet normal 0 0 1
    outer loop
      vertex 195.97157287525383 86.02842712474619 2
      vertex 196.5777190679216 86.52587844921018 2
      vertex 196.26242686334544 86.29204181345095 2
    endloop
  endfacet
  facet normal 0 0 1
    outer loop
      vertex 195.97157287525383 86.02842712474619 2
      vertex 197.26926627053965 86.89551813004515 2
      vertex 196.5777190679216 86.52587844921018 2
    endloop
  endfacet
  facet normal 0 0 1
    outer loop
      vertex 196.5777190679216 86.52587844921018 2
      vertex 197.26926627053965 86.89551813004515 2
      vertex 196.91441305269603 86.72768505739343 2
    endloop
  endfacet
  facet normal 0 0 1
    outer loop
      vertex 195.97157287525383 86.02842712474619 2
      vertex 198.8 87.2 2
      vertex 197.26926627053965 86.89551813004515 2
    endloop
  endfacet
  facet normal 0 0 1
    outer loop
      vertex 197.26926627053965 86.89551813004515 2
      vertex 198.0196387119355 87.12314112161292 2
      vertex 197.63886129098216 87.02776134292884 2
    endloop
  endfacet
  facet normal 0 0 1
    outer loop
      vertex 197.26926627053965 86.89551813004515 2
      vertex 198.8 87.2 2
      vertex 198.0196387119355 87.12314112161292 2
    endloop
  endfacet
  facet normal 0 0 1
    outer loop
      vertex 198.0196387119355 87.12314112161292 2
      vertex 198.8 87.2 2
      vertex 198.40793143868177 87.18073890668879 2
    endloop
  endfacet
  facet normal 0 0 1
    outer loop
      vertex 227.60000000000002 83.2 2
      vertex 227.5807389066888 83.59206856131824 2
      vertex 227.52314112161292 83.98036128806451 2
    endloop
  endfacet
  facet normal 0 0 1
    outer loop
      vertex 227.60000000000002 83.2 2
      vertex 227.52314112161292 83.98036128806451 2
      vertex 227.42776134292885 84.36113870901785 2
    endloop
  endfacet
  facet normal 0 0 1
    outer loop
      vertex 198.8 87.2 2
      vertex 227.42776134292885 84.36113870901785 2
      vertex 223.60000000000002 87.2 2
    endloop
  endfacet
  facet normal 0 0 1
    outer loop
      vertex 225.13073372946036 86.89551813004515 2
      vertex 225.82228093207843 86.52587844921018 2
      vertex 225.485586947304 86.72768505739343 2
    endloop
  endfacet
  facet normal 0 0 1
    outer loop
      vertex 223.60000000000002 87.2 2
      vertex 227.42776134292885 84.36113870901785 2
      vertex 225.82228093207843 86.52587844921018 2
    endloop
  endfacet
  facet normal 0 0 1
    outer loop
      vertex 226.69204181345094 85.73757313665459 2
      vertex 226.1375731366546 86.29204181345095 2
      vertex 225.82228093207843 86.52587844921018 2
    endloop
  endfacet
  facet normal 0 0 1
    outer loop
      vertex 223.60000000000002 87.2 2
      vertex 224.76113870901787 87.02776134292884 2
      vertex 223.99206856131826 87.18073890668879 2
    endloop
  endfacet
  facet normal 0 0 1
    outer loop
      vertex 223.99206856131826 87.18073890668879 2
      vertex 224.76113870901787 87.02776134292884 2
      vertex 224.38036128806453 87.12314112161292 2
    endloop
  endfacet
  facet normal 0 0 1
    outer loop
      vertex 223.60000000000002 87.2 2
      vertex 225.82228093207843 86.52587844921018 2
      vertex 224.76113870901787 87.02776134292884 2
    endloop
  endfacet
  facet normal 0 0 1
    outer loop
      vertex 224.76113870901787 87.02776134292884 2
      vertex 225.82228093207843 86.52587844921018 2
      vertex 225.13073372946036 86.89551813004515 2
    endloop
  endfacet
  facet normal 0 0 1
    outer loop
      vertex 227.42776134292885 84.36113870901785 2
      vertex 227.29551813004514 84.73073372946037 2
      vertex 227.12768505739342 85.085586947304 2
    endloop
  endfacet
  facet normal 0 0 1
    outer loop
      vertex 227.42776134292885 84.36113870901785 2
      vertex 226.69204181345094 85.73757313665459 2
      vertex 225.82228093207843 86.52587844921018 2
    endloop
  endfacet
  facet normal 0 0 1
    outer loop
      vertex 227.42776134292885 84.36113870901785 2
      vertex 227.12768505739342 85.085586947304 2
      vertex 226.69204181345094 85.73757313665459 2
    endloop
  endfacet
  facet normal 0 0 1
    outer loop
      vertex 227.12768505739342 85.085586947304 2
      vertex 226.9258784492102 85.42228093207841 2
      vertex 226.69204181345094 85.73757313665459 2
    endloop
  endfacet
  facet normal 0 0 1
    outer loop
      vertex 226.69204181345094 85.73757313665459 2
      vertex 226.4284271247462 86.02842712474619 2
      vertex 226.1375731366546 86.29204181345095 2
    endloop
  endfacet
  facet normal 0 0 1
    outer loop
      vertex 223.60000000000002 89.6 2
      vertex 223.99206856131826 89.61926109331121 2
      vertex 224.38036128806453 89.67685887838707 2
    endloop
  endfacet
  facet normal 0 0 1
    outer loop
      vertex 223.60000000000002 89.6 2
      vertex 224.38036128806453 89.67685887838707 2
      vertex 225.13073372946036 89.90448186995485 2
    endloop
  endfacet
  facet normal 0 0 1
    outer loop
      vertex 224.38036128806453 89.67685887838707 2
      vertex 224.76113870901787 89.77223865707116 2
      vertex 225.13073372946036 89.90448186995485 2
    endloop
  endfacet
  facet normal 0 0 1
    outer loop
      vertex 223.60000000000002 89.6 2
      vertex 225.13073372946036 89.90448186995485 2
      vertex 226.42842712474618 90.77157287525381 2
    endloop
  endfacet
  facet normal 0 0 1
    outer loop
      vertex 225.13073372946036 89.90448186995485 2
      vertex 225.485586947304 90.07231494260657 2
      vertex 225.8222809320784 90.27412155078981 2
    endloop
  endfacet
  facet normal 0 0 1
    outer loop
      vertex 225.13073372946036 89.90448186995485 2
      vertex 225.8222809320784 90.27412155078981 2
      vertex 226.42842712474618 90.77157287525381 2
    endloop
  endfacet
  facet normal 0 0 1
    outer loop
      vertex 225.8222809320784 90.27412155078981 2
      vertex 226.13757313665457 90.50795818654905 2
      vertex 226.42842712474618 90.77157287525381 2
    endloop
  endfacet
  facet normal 0 0 1
    outer loop
      vertex 223.60000000000002 89.6 2
      vertex 226.42842712474618 90.77157287525381 2
      vertex 227.60000000000002 93.6 2
    endloop
  endfacet
  facet normal 0 0 1
    outer loop
      vertex 226.42842712474618 90.77157287525381 2
      vertex 226.69204181345094 91.06242686334541 2
      vertex 226.9258784492102 91.37771906792159 2
    endloop
  endfacet
  facet normal 0 0 1
    outer loop
      vertex 226.42842712474618 90.77157287525381 2
      vertex 226.9258784492102 91.37771906792159 2
      vertex 227.29551813004514 92.06926627053963 2
    endloop
  endfacet
  facet normal 0 0 1
    outer loop
      vertex 226.9258784492102 91.37771906792159 2
      vertex 227.12768505739342 91.714413052696 2
      vertex 227.29551813004514 92.06926627053963 2
    endloop
  endfacet
  facet normal 0 0 1
    outer loop
      vertex 226.42842712474618 90.77157287525381 2
      vertex 227.29551813004514 92.06926627053963 2
      vertex 227.60000000000002 93.6 2
    endloop
  endfacet
  facet normal 0 0 1
    outer loop
      vertex 227.29551813004514 92.06926627053963 2
      vertex 227.42776134292882 92.43886129098215 2
      vertex 227.52314112161292 92.81963871193548 2
    endloop
  endfacet
  facet normal 0 0 1
    outer loop
      vertex 227.29551813004514 92.06926627053963 2
      vertex 227.52314112161292 92.81963871193548 2
      vertex 227.60000000000002 93.6 2
    endloop
  endfacet
  facet normal 0 0 1
    outer loop
      vertex 227.52314112161292 92.81963871193548 2
      vertex 227.5807389066888 93.20793143868175 2
      vertex 227.60000000000002 93.6 2
    endloop
  endfacet
  facet normal 0 0 -1
    outer loop
      vertex 230 8 0
      vertex 226.4445618641568 148.65175689842036 0
      vertex 230 142 0
    endloop
  endfacet
  facet normal -0.998795456205174 -0.049067674327388545 0
    outer loop
      vertex 192.4 83.2 2
      vertex 192.4 83.2 70
      vertex 192.3807389066888 83.59206856131824 2
    endloop
  endfacet
  facet normal -0.9891765099647793 -0.14673047445537296 0
    outer loop
      vertex 192.3807389066888 83.59206856131824 2
      vertex 192.3807389066888 83.59206856131824 70
      vertex 192.32314112161293 83.98036128806451 2
    endloop
  endfacet
  facet normal -0.9700312531945328 -0.24298017990330886 0
    outer loop
      vertex 192.32314112161293 83.98036128806451 2
      vertex 192.32314112161293 83.98036128806451 70
      vertex 192.22776134292883 84.36113870901785 2
    endloop
  endfacet
  facet normal 0.998795456205174 -0.049067674327388545 1.3672708288856524e-20
    outer loop
      vertex 194.8 83.2 2
      vertex 194.8192610933112 83.59206856131824 2
      vertex 194.8192610933112 83.59206856131824 70
    endloop
  endfacet
  facet normal 0.9891765099647793 -0.14673047445537296 4.4983646734884693e-20
    outer loop
      vertex 194.8192610933112 83.59206856131824 2
      vertex 194.87685887838708 83.98036128806451 2
      vertex 194.87685887838708 83.98036128806451 70
    endloop
  endfacet
  facet normal 0.9700312531945328 -0.24298017990330886 -6.396394686230033e-20
    outer loop
      vertex 194.87685887838708 83.98036128806451 2
      vertex 194.9722386570712 84.36113870901785 2
      vertex 194.9722386570712 84.36113870901785 70
    endloop
  endfacet
  facet normal -0.049067674327424655 -0.9987954562051721 -2.3422604658184615e-21
    outer loop
      vertex 188.4 87.2 2
      vertex 188.79206856131825 87.18073890668879 2
      vertex 188.79206856131825 87.18073890668879 70
    endloop
  endfacet
  facet normal -0.14673047445537296 -0.9891765099647793 -4.4983646734884693e-20
    outer loop
      vertex 188.79206856131825 87.18073890668879 2
      vertex 189.18036128806452 87.12314112161292 2
      vertex 189.18036128806452 87.12314112161292 70
    endloop
  endfacet
  facet normal -0.24298017990324072 -0.9700312531945497 -2.3298266411046373e-20
    outer loop
      vertex 189.18036128806452 87.12314112161292 2
      vertex 189.56113870901785 87.02776134292884 2
      vertex 189.56113870901785 87.02776134292884 70
    endloop
  endfacet
  facet normal -0.33688985339222566 -0.9415440651830188 3.5079065570283705e-20
    outer loop
      vertex 189.56113870901785 87.02776134292884 2
      vertex 189.93073372946037 86.89551813004515 2
      vertex 189.93073372946037 86.89551813004515 70
    endloop
  endfacet
  facet normal -0.4275550934302817 -0.9039892931234436 -5.239790024855817e-20
    outer loop
      vertex 189.93073372946037 86.89551813004515 2
      vertex 190.28558694730398 86.72768505739343 2
      vertex 190.28558694730398 86.72768505739343 70
    endloop
  endfacet
  facet normal -0.9415440651830304 -0.3368898533921936 0
    outer loop
      vertex 192.22776134292883 84.36113870901785 2
      vertex 192.22776134292883 84.36113870901785 70
      vertex 192.09551813004515 84.73073372946037 2
    endloop
  endfacet
  facet normal -0.9039892931234502 -0.4275550934302677 1.9834687306176328e-20
    outer loop
      vertex 191.92768505739343 85.085586947304 2
      vertex 192.09551813004515 84.73073372946037 2
      vertex 192.09551813004515 84.73073372946037 70
    endloop
  endfacet
  facet normal -0.8032075314806362 -0.595699304492445 1.8356141592281137e-19
    outer loop
      vertex 191.49204181345095 85.73757313665459 2
      vertex 191.7258784492102 85.42228093207841 2
      vertex 191.7258784492102 85.42228093207841 70
    endloop
  endfacet
  facet normal -0.8577286100002758 -0.5141027441932157 0
    outer loop
      vertex 191.92768505739343 85.085586947304 2
      vertex 191.92768505739343 85.085586947304 70
      vertex 191.7258784492102 85.42228093207841 2
    endloop
  endfacet
  facet normal -0.6715589548470204 -0.7409511253549572 -3.935597558893042e-20
    outer loop
      vertex 190.93757313665458 86.29204181345095 2
      vertex 191.2284271247462 86.02842712474619 2
      vertex 191.2284271247462 86.02842712474619 70
    endloop
  endfacet
  facet normal -0.595699304492439 -0.8032075314806407 0
    outer loop
      vertex 190.93757313665458 86.29204181345095 2
      vertex 190.93757313665458 86.29204181345095 70
      vertex 190.6222809320784 86.52587844921018 2
    endloop
  endfacet
  facet normal -0.5141027441932263 -0.8577286100002692 0
    outer loop
      vertex 190.6222809320784 86.52587844921018 2
      vertex 190.6222809320784 86.52587844921018 70
      vertex 190.28558694730398 86.72768505739343 2
    endloop
  endfacet
  facet normal -0.740951125354941 -0.6715589548470384 0
    outer loop
      vertex 191.49204181345095 85.73757313665459 2
      vertex 191.49204181345095 85.73757313665459 70
      vertex 191.2284271247462 86.02842712474619 2
    endloop
  endfacet
  facet normal 0.9415440651830304 -0.3368898533921936 -1.7038769331921424e-20
    outer loop
      vertex 194.9722386570712 84.36113870901785 2
      vertex 195.10448186995487 84.73073372946037 2
      vertex 195.10448186995487 84.73073372946037 70
    endloop
  endfacet
  facet normal 0.9039892931234502 -0.4275550934302677 -1.9834687306176328e-20
    outer loop
      vertex 195.10448186995487 84.73073372946037 2
      vertex 195.27231494260658 85.085586947304 2
      vertex 195.27231494260658 85.085586947304 70
    endloop
  endfacet
  facet normal 0.8577286100002758 -0.5141027441932157 1.0159238426233897e-19
    outer loop
      vertex 195.27231494260658 85.085586947304 2
      vertex 195.47412155078982 85.42228093207841 2
      vertex 195.47412155078982 85.42228093207841 70
    endloop
  endfacet
  facet normal 0.8032075314806362 -0.595699304492445 -1.8356141592281137e-19
    outer loop
      vertex 195.47412155078982 85.42228093207841 2
      vertex 195.70795818654906 85.73757313665459 2
      vertex 195.70795818654906 85.73757313665459 70
    endloop
  endfacet
  facet normal 0.740951125354941 -0.6715589548470384 6.980110242789079e-20
    outer loop
      vertex 195.70795818654906 85.73757313665459 2
      vertex 195.97157287525383 86.02842712474619 2
      vertex 195.97157287525383 86.02842712474619 70
    endloop
  endfacet
  facet normal 0.6715589548470204 -0.7409511253549572 3.935597558893042e-20
    outer loop
      vertex 195.97157287525383 86.02842712474619 2
      vertex 196.26242686334544 86.29204181345095 2
      vertex 196.26242686334544 86.29204181345095 70
    endloop
  endfacet
  facet normal 0.595699304492439 -0.8032075314806407 1.7624948919564725e-19
    outer loop
      vertex 196.26242686334544 86.29204181345095 2
      vertex 196.5777190679216 86.52587844921018 2
      vertex 196.5777190679216 86.52587844921018 70
    endloop
  endfacet
  facet normal 0.5141027441932263 -0.8577286100002692 -1.9755850678293515e-19
    outer loop
      vertex 196.5777190679216 86.52587844921018 2
      vertex 196.91441305269603 86.72768505739343 2
      vertex 196.91441305269603 86.72768505739343 70
    endloop
  endfacet
  facet normal 0.4275550934302817 -0.9039892931234436 5.239790024855817e-20
    outer loop
      vertex 196.91441305269603 86.72768505739343 2
      vertex 197.26926627053965 86.89551813004515 2
      vertex 197.26926627053965 86.89551813004515 70
    endloop
  endfacet
  facet normal 0.33688985339222566 -0.9415440651830188 -3.5079065570283705e-20
    outer loop
      vertex 197.26926627053965 86.89551813004515 2
      vertex 197.63886129098216 87.02776134292884 2
      vertex 197.63886129098216 87.02776134292884 70
    endloop
  endfacet
  facet normal 0.24298017990324072 -0.9700312531945497 2.3298266411046373e-20
    outer loop
      vertex 197.63886129098216 87.02776134292884 2
      vertex 198.0196387119355 87.12314112161292 2
      vertex 198.0196387119355 87.12314112161292 70
    endloop
  endfacet
  facet normal 0.14673047445537296 -0.9891765099647793 4.4983646734884693e-20
    outer loop
      vertex 198.0196387119355 87.12314112161292 2
      vertex 198.40793143868177 87.18073890668879 2
      vertex 198.40793143868177 87.18073890668879 70
    endloop
  endfacet
  facet normal 0.049067674327424655 -0.9987954562051721 2.3422604658184615e-21
    outer loop
      vertex 198.40793143868177 87.18073890668879 2
      vertex 198.8 87.2 2
      vertex 198.8 87.2 70
    endloop
  endfacet
  facet normal 0 -1 0
    outer loop
      vertex 198.8 87.2 2
      vertex 223.60000000000002 87.2 2
      vertex 223.60000000000002 87.2 70
    endloop
  endfacet
  facet normal -0.9987954562051703 -0.04906767432746077 0
    outer loop
      vertex 227.60000000000002 83.2 2
      vertex 227.60000000000002 83.2 70
      vertex 227.5807389066888 83.59206856131824 2
    endloop
  endfacet
  facet normal -0.9891765099647793 -0.14673047445537296 0
    outer loop
      vertex 227.5807389066888 83.59206856131824 2
      vertex 227.5807389066888 83.59206856131824 70
      vertex 227.52314112161292 83.98036128806451 2
    endloop
  endfacet
  facet normal -0.9700312531945497 -0.24298017990324072 0
    outer loop
      vertex 227.52314112161292 83.98036128806451 2
      vertex 227.52314112161292 83.98036128806451 70
      vertex 227.42776134292885 84.36113870901785 2
    endloop
  endfacet
  facet normal -0.6715589548470204 -0.7409511253549572 -3.935597558893042e-20
    outer loop
      vertex 226.1375731366546 86.29204181345095 2
      vertex 226.4284271247462 86.02842712474619 2
      vertex 226.4284271247462 86.02842712474619 70
    endloop
  endfacet
  facet normal -0.5141027441932263 -0.8577286100002692 0
    outer loop
      vertex 225.82228093207843 86.52587844921018 2
      vertex 225.82228093207843 86.52587844921018 70
      vertex 225.485586947304 86.72768505739343 2
    endloop
  endfacet
  facet normal -0.595699304492439 -0.8032075314806407 0
    outer loop
      vertex 226.1375731366546 86.29204181345095 2
      vertex 226.1375731366546 86.29204181345095 70
      vertex 225.82228093207843 86.52587844921018 2
    endloop
  endfacet
  facet normal -0.049067674327424655 -0.9987954562051721 -2.3422604658184615e-21
    outer loop
      vertex 223.60000000000002 87.2 2
      vertex 223.99206856131826 87.18073890668879 2
      vertex 223.99206856131826 87.18073890668879 70
    endloop
  endfacet
  facet normal -0.14673047445537296 -0.9891765099647793 -4.4983646734884693e-20
    outer loop
      vertex 223.99206856131826 87.18073890668879 2
      vertex 224.38036128806453 87.12314112161292 2
      vertex 224.38036128806453 87.12314112161292 70
    endloop
  endfacet
  facet normal -0.3368898533922486 -0.9415440651830106 -5.117355366918621e-20
    outer loop
      vertex 224.76113870901787 87.02776134292884 2
      vertex 225.13073372946036 86.89551813004515 2
      vertex 225.13073372946036 86.89551813004515 70
    endloop
  endfacet
  facet normal -0.24298017990324072 -0.9700312531945497 -2.3298266411046373e-20
    outer loop
      vertex 224.38036128806453 87.12314112161292 2
      vertex 224.76113870901787 87.02776134292884 2
      vertex 224.76113870901787 87.02776134292884 70
    endloop
  endfacet
  facet normal -0.4275550934302537 -0.9039892931234568 9.20672748609061e-20
    outer loop
      vertex 225.13073372946036 86.89551813004515 2
      vertex 225.485586947304 86.72768505739343 2
      vertex 225.485586947304 86.72768505739343 70
    endloop
  endfacet
  facet normal -0.9039892931234502 -0.4275550934302677 1.9834687306176328e-20
    outer loop
      vertex 227.12768505739342 85.085586947304 2
      vertex 227.29551813004514 84.73073372946037 2
      vertex 227.29551813004514 84.73073372946037 70
    endloop
  endfacet
  facet normal -0.8032075314806362 -0.595699304492445 1.8356141592281137e-19
    outer loop
      vertex 226.69204181345094 85.73757313665459 2
      vertex 226.9258784492102 85.42228093207841 2
      vertex 226.9258784492102 85.42228093207841 70
    endloop
  endfacet
  facet normal -0.8577286100002758 -0.5141027441932157 0
    outer loop
      vertex 227.12768505739342 85.085586947304 2
      vertex 227.12768505739342 85.085586947304 70
      vertex 226.9258784492102 85.42228093207841 2
    endloop
  endfacet
  facet normal -0.9415440651830073 -0.33688985339225774 0
    outer loop
      vertex 227.42776134292885 84.36113870901785 2
      vertex 227.42776134292885 84.36113870901785 70
      vertex 227.29551813004514 84.73073372946037 2
    endloop
  endfacet
  facet normal -0.740951125354977 -0.6715589548469987 0
    outer loop
      vertex 226.69204181345094 85.73757313665459 2
      vertex 226.69204181345094 85.73757313665459 70
      vertex 226.4284271247462 86.02842712474619 2
    endloop
  endfacet
  facet normal -0.049067674327424655 0.9987954562051721 0
    outer loop
      vertex 223.60000000000002 89.6 2
      vertex 223.60000000000002 89.6 70
      vertex 223.99206856131826 89.61926109331121 2
    endloop
  endfacet
  facet normal -0.14673047445533755 0.9891765099647846 0
    outer loop
      vertex 223.99206856131826 89.61926109331121 2
      vertex 223.99206856131826 89.61926109331121 70
      vertex 224.38036128806453 89.67685887838707 2
    endloop
  endfacet
  facet normal -0.24298017990327478 0.9700312531945413 0
    outer loop
      vertex 224.38036128806453 89.67685887838707 2
      vertex 224.38036128806453 89.67685887838707 70
      vertex 224.76113870901787 89.77223865707116 2
    endloop
  endfacet
  facet normal -0.3368898533922486 0.9415440651830106 0
    outer loop
      vertex 224.76113870901787 89.77223865707116 2
      vertex 224.76113870901787 89.77223865707116 70
      vertex 225.13073372946036 89.90448186995485 2
    endloop
  endfacet
  facet normal -0.4275550934302537 0.9039892931234568 0
    outer loop
      vertex 225.13073372946036 89.90448186995485 2
      vertex 225.13073372946036 89.90448186995485 70
      vertex 225.485586947304 90.07231494260657 2
    endloop
  endfacet
  facet normal -0.5141027441932583 0.8577286100002502 0
    outer loop
      vertex 225.485586947304 90.07231494260657 2
      vertex 225.485586947304 90.07231494260657 70
      vertex 225.8222809320784 90.27412155078981 2
    endloop
  endfacet
  facet normal -0.595699304492439 0.8032075314806407 0
    outer loop
      vertex 225.8222809320784 90.27412155078981 2
      vertex 225.8222809320784 90.27412155078981 70
      vertex 226.13757313665457 90.50795818654905 2
    endloop
  endfacet
  facet normal -0.6715589548470204 0.7409511253549572 0
    outer loop
      vertex 226.13757313665457 90.50795818654905 2
      vertex 226.13757313665457 90.50795818654905 70
      vertex 226.42842712474618 90.77157287525381 2
    endloop
  endfacet
  facet normal -0.740951125354941 0.6715589548470384 0
    outer loop
      vertex 226.42842712474618 90.77157287525381 2
      vertex 226.42842712474618 90.77157287525381 70
      vertex 226.69204181345094 91.06242686334541 2
    endloop
  endfacet
  facet normal -0.8032075314806362 0.595699304492445 0
    outer loop
      vertex 226.69204181345094 91.06242686334541 2
      vertex 226.69204181345094 91.06242686334541 70
      vertex 226.9258784492102 91.37771906792159 2
    endloop
  endfacet
  facet normal -0.8577286100002758 0.5141027441932157 0
    outer loop
      vertex 226.9258784492102 91.37771906792159 2
      vertex 226.9258784492102 91.37771906792159 70
      vertex 227.12768505739342 91.714413052696 2
    endloop
  endfacet
  facet normal -0.9039892931234502 0.4275550934302677 0
    outer loop
      vertex 227.12768505739342 91.714413052696 2
      vertex 227.12768505739342 91.714413052696 70
      vertex 227.29551813004514 92.06926627053963 2
    endloop
  endfacet
  facet normal -0.9415440651830304 0.3368898533921936 0
    outer loop
      vertex 227.29551813004514 92.06926627053963 2
      vertex 227.29551813004514 92.06926627053963 70
      vertex 227.42776134292882 92.43886129098215 2
    endloop
  endfacet
  facet normal -0.9700312531945328 0.24298017990330886 0
    outer loop
      vertex 227.42776134292882 92.43886129098215 2
      vertex 227.42776134292882 92.43886129098215 70
      vertex 227.52314112161292 92.81963871193548 2
    endloop
  endfacet
  facet normal -0.9891765099647793 0.14673047445537296 0
    outer loop
      vertex 227.52314112161292 92.81963871193548 2
      vertex 227.52314112161292 92.81963871193548 70
      vertex 227.5807389066888 93.20793143868175 2
    endloop
  endfacet
  facet normal -0.9987954562051703 0.04906767432746077 0
    outer loop
      vertex 227.5807389066888 93.20793143868175 2
      vertex 227.5807389066888 93.20793143868175 70
      vertex 227.60000000000002 93.6 2
    endloop
  endfacet
  facet normal -1 0 0
    outer loop
      vertex 227.60000000000002 93.6 2
      vertex 227.60000000000002 93.6 70
      vertex 227.60000000000002 143.6 2
    endloop
  endfacet
  facet normal 0 0 1
    outer loop
      vertex 96.914413052696 147.12768505739342 2
      vertex 227.60000000000002 93.6 2
      vertex 225.13073372946036 147.29551813004514 2
    endloop
  endfacet
  facet normal 0 0 1
    outer loop
      vertex 98.8 147.6 2
      vertex 225.13073372946036 147.29551813004514 2
      vertex 223.60000000000002 147.6 2
    endloop
  endfacet
  facet normal 0 0 1
    outer loop
      vertex 227.60000000000002 93.6 2
      vertex 227.60000000000002 143.6 2
      vertex 225.13073372946036 147.29551813004514 2
    endloop
  endfacet
  facet normal 0 0 -1
    outer loop
      vertex 222 150 0
      vertex 222.78413712263648 149.96147781337757 0
      vertex 223.56072257612902 149.84628224322586 0
    endloop
  endfacet
  facet normal 0 0 -1
    outer loop
      vertex 230 142 0
      vertex 229.84628224322586 143.56072257612902 0
      vertex 229.96147781337757 142.78413712263648 0
    endloop
  endfacet
  facet normal 0 0 -1
    outer loop
      vertex 230 142 0
      vertex 229.05537011478685 145.77117389460798 0
      vertex 229.84628224322586 143.56072257612902 0
    endloop
  endfacet
  facet normal 0 0 -1
    outer loop
      vertex 229.84628224322586 143.56072257612902 0
      vertex 229.05537011478685 145.77117389460798 0
      vertex 229.65552268585768 144.3222774180357 0
    endloop
  endfacet
  facet normal 0 0 -1
    outer loop
      vertex 229.65552268585768 144.3222774180357 0
      vertex 229.05537011478685 145.77117389460798 0
      vertex 229.3910362600903 145.06146745892073 0
    endloop
  endfacet
  facet normal 0 0 1
    outer loop
      vertex 227.60000000000002 143.6 2
      vertex 227.5807389066888 143.99206856131823 2
      vertex 227.52314112161292 144.3803612880645 2
    endloop
  endfacet
  facet normal 0 0 1
    outer loop
      vertex 227.42776134292882 144.76113870901784 2
      vertex 227.29551813004514 145.13073372946036 2
      vertex 226.9258784492102 145.8222809320784 2
    endloop
  endfacet
  facet normal 0 0 1
    outer loop
      vertex 227.60000000000002 143.6 2
      vertex 227.52314112161292 144.3803612880645 2
      vertex 227.42776134292882 144.76113870901784 2
    endloop
  endfacet
  facet normal 0 0 1
    outer loop
      vertex 227.60000000000002 143.6 2
      vertex 227.42776134292882 144.76113870901784 2
      vertex 226.9258784492102 145.8222809320784 2
    endloop
  endfacet
  facet normal 0 0 1
    outer loop
      vertex 223.60000000000002 147.6 2
      vertex 224.38036128806453 147.52314112161292 2
      vertex 223.99206856131826 147.5807389066888 2
    endloop
  endfacet
  facet normal 0 0 1
    outer loop
      vertex 223.60000000000002 147.6 2
      vertex 225.13073372946036 147.29551813004514 2
      vertex 224.38036128806453 147.52314112161292 2
    endloop
  endfacet
  facet normal 0 0 1
    outer loop
      vertex 224.38036128806453 147.52314112161292 2
      vertex 225.13073372946036 147.29551813004514 2
      vertex 224.76113870901787 147.42776134292882 2
    endloop
  endfacet
  facet normal 0 0 1
    outer loop
      vertex 225.8222809320784 146.9258784492102 2
      vertex 225.485586947304 147.12768505739342 2
      vertex 225.13073372946036 147.29551813004514 2
    endloop
  endfacet
  facet normal 0 0 1
    outer loop
      vertex 225.8222809320784 146.9258784492102 2
      vertex 225.13073372946036 147.29551813004514 2
      vertex 226.13757313665457 146.69204181345094 2
    endloop
  endfacet
  facet normal 0 0 1
    outer loop
      vertex 225.13073372946036 147.29551813004514 2
      vertex 226.9258784492102 145.8222809320784 2
      vertex 226.13757313665457 146.69204181345094 2
    endloop
  endfacet
  facet normal 0 0 -1
    outer loop
      vertex 222 150 0
      vertex 223.56072257612902 149.84628224322586 0
      vertex 224.3222774180357 149.65552268585768 0
    endloop
  endfacet
  facet normal 0 0 -1
    outer loop
      vertex 222 150 0
      vertex 224.3222774180357 149.65552268585768 0
      vertex 226.4445618641568 148.65175689842036 0
    endloop
  endfacet
  facet normal 0 0 -1
    outer loop
      vertex 224.3222774180357 149.65552268585768 0
      vertex 225.06146745892073 149.3910362600903 0
      vertex 226.4445618641568 148.65175689842036 0
    endloop
  endfacet
  facet normal 0 0 -1
    outer loop
      vertex 225.06146745892073 149.3910362600903 0
      vertex 225.77117389460798 149.05537011478685 0
      vertex 226.4445618641568 148.65175689842036 0
    endloop
  endfacet
  facet normal 0 0 -1
    outer loop
      vertex 228.1840836269019 147.07514627330917 0
      vertex 227.07514627330917 148.1840836269019 0
      vertex 227.65685424949237 147.65685424949237 0
    endloop
  endfacet
  facet normal 0 0 -1
    outer loop
      vertex 228.1840836269019 147.07514627330917 0
      vertex 229.05537011478685 145.77117389460798 0
      vertex 226.4445618641568 148.65175689842036 0
    endloop
  endfacet
  facet normal 0 0 -1
    outer loop
      vertex 230 142 0
      vertex 226.4445618641568 148.65175689842036 0
      vertex 229.05537011478685 145.77117389460798 0
    endloop
  endfacet
  facet normal 0 0 -1
    outer loop
      vertex 228.1840836269019 147.07514627330917 0
      vertex 228.65175689842036 146.4445618641568 0
      vertex 229.05537011478685 145.77117389460798 0
    endloop
  endfacet
  facet normal 0 0 1
    outer loop
      vertex 227.60000000000002 143.6 2
      vertex 226.9258784492102 145.8222809320784 2
      vertex 225.13073372946036 147.29551813004514 2
    endloop
  endfacet
  facet normal 0 0 1
    outer loop
      vertex 227.29551813004514 145.13073372946036 2
      vertex 227.12768505739342 145.485586947304 2
      vertex 226.9258784492102 145.8222809320784 2
    endloop
  endfacet
  facet normal 0 0 1
    outer loop
      vertex 226.69204181345094 146.13757313665457 2
      vertex 226.42842712474618 146.42842712474618 2
      vertex 226.9258784492102 145.8222809320784 2
    endloop
  endfacet
  facet normal 0 0 1
    outer loop
      vertex 226.42842712474618 146.42842712474618 2
      vertex 226.13757313665457 146.69204181345094 2
      vertex 226.9258784492102 145.8222809320784 2
    endloop
  endfacet
  facet normal 0 0 -1
    outer loop
      vertex 228.1840836269019 147.07514627330917 0
      vertex 226.4445618641568 148.65175689842036 0
      vertex 227.07514627330917 148.1840836269019 0
    endloop
  endfacet
  facet normal 0 -1 0
    outer loop
      vertex 98.8 147.6 2
      vertex 223.60000000000002 147.6 2
      vertex 223.60000000000002 147.6 70
    endloop
  endfacet
  facet normal 0.04906767432742466 0.9987954562051721 0
    outer loop
      vertex 222 150 0
      vertex 222 150 70
      vertex 222.78413712263648 149.96147781337757 0
    endloop
  endfacet
  facet normal 0.9987954562051721 0.04906767432742466 -4.550677476447297e-21
    outer loop
      vertex 230 142 0
      vertex 229.96147781337757 142.78413712263648 0
      vertex 229.96147781337757 142.78413712263648 70
    endloop
  endfacet
  facet normal 0.9891765099647845 0.14673047445533755 0
    outer loop
      vertex 229.96147781337757 142.78413712263648 0
      vertex 229.84628224322586 143.56072257612902 0
      vertex 229.96147781337757 142.78413712263648 70
    endloop
  endfacet
  facet normal 0.9700312531945413 0.24298017990327478 0
    outer loop
      vertex 229.84628224322586 143.56072257612902 0
      vertex 229.65552268585768 144.3222774180357 0
      vertex 229.84628224322586 143.56072257612902 70
    endloop
  endfacet
  facet normal 0.9415440651830188 0.3368898533922256 0
    outer loop
      vertex 229.65552268585768 144.3222774180357 0
      vertex 229.3910362600903 145.06146745892073 0
      vertex 229.65552268585768 144.3222774180357 70
    endloop
  endfacet
  facet normal 0.9039892931234501 0.42755509343026765 0
    outer loop
      vertex 229.3910362600903 145.06146745892073 0
      vertex 229.05537011478685 145.77117389460798 0
      vertex 229.3910362600903 145.06146745892073 70
    endloop
  endfacet
  facet normal -0.9987954562051703 -0.04906767432746077 0
    outer loop
      vertex 227.60000000000002 143.6 2
      vertex 227.60000000000002 143.6 70
      vertex 227.5807389066888 143.99206856131823 2
    endloop
  endfacet
  facet normal -0.9891765099647793 -0.14673047445537296 0
    outer loop
      vertex 227.5807389066888 143.99206856131823 2
      vertex 227.5807389066888 143.99206856131823 70
      vertex 227.52314112161292 144.3803612880645 2
    endloop
  endfacet
  facet normal -0.9039892931234568 -0.4275550934302537 0
    outer loop
      vertex 227.29551813004514 145.13073372946036 2
      vertex 227.29551813004514 145.13073372946036 70
      vertex 227.12768505739342 145.485586947304 2
    endloop
  endfacet
  facet normal -0.9700312531945328 -0.24298017990330886 0
    outer loop
      vertex 227.52314112161292 144.3803612880645 2
      vertex 227.52314112161292 144.3803612880645 70
      vertex 227.42776134292882 144.76113870901784 2
    endloop
  endfacet
  facet normal -0.9415440651830304 -0.3368898533921936 0
    outer loop
      vertex 227.42776134292882 144.76113870901784 2
      vertex 227.42776134292882 144.76113870901784 70
      vertex 227.29551813004514 145.13073372946036 2
    endloop
  endfacet
  facet normal 0.14673047445533755 0.9891765099647845 2.5484700947401998e-20
    outer loop
      vertex 222.78413712263648 149.96147781337757 0
      vertex 223.56072257612902 149.84628224322586 70
      vertex 223.56072257612902 149.84628224322586 0
    endloop
  endfacet
  facet normal 0.24298017990327478 0.9700312531945413 3.950380386693316e-20
    outer loop
      vertex 223.56072257612902 149.84628224322586 0
      vertex 224.3222774180357 149.65552268585768 70
      vertex 224.3222774180357 149.65552268585768 0
    endloop
  endfacet
  facet normal 0.3368898533922256 0.9415440651830188 0
    outer loop
      vertex 224.3222774180357 149.65552268585768 0
      vertex 224.3222774180357 149.65552268585768 70
      vertex 225.06146745892073 149.3910362600903 0
    endloop
  endfacet
  facet normal 0.5141027441932423 0.8577286100002598 3.02574737259343e-20
    outer loop
      vertex 225.77117389460798 149.05537011478685 0
      vertex 226.4445618641568 148.65175689842036 70
      vertex 226.4445618641568 148.65175689842036 0
    endloop
  endfacet
  facet normal 0.42755509343026765 0.9039892931234501 0
    outer loop
      vertex 225.06146745892073 149.3910362600903 0
      vertex 225.06146745892073 149.3910362600903 70
      vertex 225.77117389460798 149.05537011478685 0
    endloop
  endfacet
  facet normal 0.7409511253549409 0.6715589548470384 -1.3561357043133068e-19
    outer loop
      vertex 228.1840836269019 147.07514627330917 0
      vertex 227.65685424949237 147.65685424949237 0
      vertex 227.65685424949237 147.65685424949237 70
    endloop
  endfacet
  facet normal 0.8577286100002598 0.5141027441932423 3.02574737259343e-20
    outer loop
      vertex 229.05537011478685 145.77117389460798 0
      vertex 228.65175689842036 146.4445618641568 0
      vertex 228.65175689842036 146.4445618641568 70
    endloop
  endfacet
  facet normal 0.8032075314806536 0.5956993044924218 2.1442841589177664e-19
    outer loop
      vertex 228.1840836269019 147.07514627330917 0
      vertex 228.65175689842036 146.4445618641568 70
      vertex 228.65175689842036 146.4445618641568 0
    endloop
  endfacet
  facet normal 0.5956993044924218 0.8032075314806536 2.1442841589177664e-19
    outer loop
      vertex 227.07514627330917 148.1840836269019 0
      vertex 226.4445618641568 148.65175689842036 0
      vertex 226.4445618641568 148.65175689842036 70
    endloop
  endfacet
  facet normal 0.6715589548470384 0.7409511253549409 -1.3561357043133068e-19
    outer loop
      vertex 227.07514627330917 148.1840836269019 0
      vertex 227.65685424949237 147.65685424949237 70
      vertex 227.65685424949237 147.65685424949237 0
    endloop
  endfacet
  facet normal -0.049067674327388545 -0.998795456205174 -1.3672708288856524e-20
    outer loop
      vertex 223.60000000000002 147.6 2
      vertex 223.99206856131826 147.5807389066888 2
      vertex 223.99206856131826 147.5807389066888 70
    endloop
  endfacet
  facet normal -0.14673047445537296 -0.9891765099647793 -4.4983646734884693e-20
    outer loop
      vertex 223.99206856131826 147.5807389066888 2
      vertex 224.38036128806453 147.52314112161292 2
      vertex 224.38036128806453 147.52314112161292 70
    endloop
  endfacet
  facet normal -0.3368898533922165 -0.941544065183022 -6.921384992268207e-20
    outer loop
      vertex 224.76113870901787 147.42776134292882 2
      vertex 225.13073372946036 147.29551813004514 2
      vertex 225.13073372946036 147.29551813004514 70
    endloop
  endfacet
  facet normal -0.24298017990330886 -0.9700312531945328 6.396394686230033e-20
    outer loop
      vertex 224.38036128806453 147.52314112161292 2
      vertex 224.76113870901787 147.42776134292882 2
      vertex 224.76113870901787 147.42776134292882 70
    endloop
  endfacet
  facet normal -0.4275550934302537 -0.9039892931234568 9.20672748609061e-20
    outer loop
      vertex 225.13073372946036 147.29551813004514 2
      vertex 225.485586947304 147.12768505739342 2
      vertex 225.485586947304 147.12768505739342 70
    endloop
  endfacet
  facet normal -0.5141027441932317 -0.8577286100002661 0
    outer loop
      vertex 225.8222809320784 146.9258784492102 2
      vertex 225.8222809320784 146.9258784492102 70
      vertex 225.485586947304 147.12768505739342 2
    endloop
  endfacet
  facet normal -0.5956993044924624 -0.8032075314806234 -1.0305564026838223e-19
    outer loop
      vertex 225.8222809320784 146.9258784492102 2
      vertex 226.13757313665457 146.69204181345094 2
      vertex 226.13757313665457 146.69204181345094 70
    endloop
  endfacet
  facet normal -0.6715589548470204 -0.7409511253549572 0
    outer loop
      vertex 226.42842712474618 146.42842712474618 2
      vertex 226.42842712474618 146.42842712474618 70
      vertex 226.13757313665457 146.69204181345094 2
    endloop
  endfacet
  facet normal -0.8577286100002661 -0.5141027441932317 0
    outer loop
      vertex 227.12768505739342 145.485586947304 2
      vertex 227.12768505739342 145.485586947304 70
      vertex 226.9258784492102 145.8222809320784 2
    endloop
  endfacet
  facet normal -0.8032075314806234 -0.5956993044924624 -1.0305564026838223e-19
    outer loop
      vertex 226.69204181345094 146.13757313665457 2
      vertex 226.9258784492102 145.8222809320784 2
      vertex 226.9258784492102 145.8222809320784 70
    endloop
  endfacet
  facet normal -0.7409511253549572 -0.6715589548470204 0
    outer loop
      vertex 226.69204181345094 146.13757313665457 2
      vertex 226.69204181345094 146.13757313665457 70
      vertex 226.42842712474618 146.42842712474618 2
    endloop
  endfacet
  facet normal 0 -1 0
    outer loop
      vertex 188.4 87.2 2
      vertex 188.4 87.2 70
      vertex 6.4 87.2 70
    endloop
  endfacet
  facet normal 0 1 0
    outer loop
      vertex 223.60000000000002 89.6 2
      vertex 98.8 89.6 70
      vertex 137.09167400393113 89.6 70
    endloop
  endfacet
  facet normal 0 0 1
    outer loop
      vertex 188.4 87.2 70
      vertex 137.09167400393113 89.6 70
      vertex 98.8 89.6 70
    endloop
  endfacet
  facet normal 0 -1 0
    outer loop
      vertex 98.8 147.6 2
      vertex 223.60000000000002 147.6 70
      vertex 98.8 147.6 70
    endloop
  endfacet
  facet normal 0 1 0
    outer loop
      vertex 8 150 70
      vertex 222 150 70
      vertex 222 150 0
    endloop
  endfacet
  facet normal 0 0 1
    outer loop
      vertex 3.5554381358431826 148.65175689842036 70
      vertex 223.60000000000002 147.6 70
      vertex 226.4445618641568 148.65175689842036 70
    endloop
  endfacet
  facet normal 0 0 1
    outer loop
      vertex 8 150 70
      vertex 226.4445618641568 148.65175689842036 70
      vertex 222 150 70
    endloop
  endfacet
  facet normal -0.9700312531945328 -0.24298017990330886 0
    outer loop
      vertex 192.22776134292883 84.36113870901785 2
      vertex 192.32314112161293 83.98036128806451 70
      vertex 192.22776134292883 84.36113870901785 70
    endloop
  endfacet
  facet normal -0.998795456205174 -0.049067674327388545 0
    outer loop
      vertex 192.3807389066888 83.59206856131824 2
      vertex 192.4 83.2 70
      vertex 192.3807389066888 83.59206856131824 70
    endloop
  endfacet
  facet normal -0.9891765099647793 -0.14673047445537296 0
    outer loop
      vertex 192.32314112161293 83.98036128806451 2
      vertex 192.3807389066888 83.59206856131824 70
      vertex 192.32314112161293 83.98036128806451 70
    endloop
  endfacet
  facet normal 0.998795456205174 -0.049067674327388545 0
    outer loop
      vertex 194.8 83.2 2
      vertex 194.8192610933112 83.59206856131824 70
      vertex 194.8 83.2 70
    endloop
  endfacet
  facet normal 0.9891765099647793 -0.14673047445537296 0
    outer loop
      vertex 194.8192610933112 83.59206856131824 2
      vertex 194.87685887838708 83.98036128806451 70
      vertex 194.8192610933112 83.59206856131824 70
    endloop
  endfacet
  facet normal 0.9700312531945328 -0.24298017990330886 0
    outer loop
      vertex 194.87685887838708 83.98036128806451 2
      vertex 194.9722386570712 84.36113870901785 70
      vertex 194.87685887838708 83.98036128806451 70
    endloop
  endfacet
  facet normal -0.5141027441932263 -0.8577286100002692 0
    outer loop
      vertex 190.28558694730398 86.72768505739343 2
      vertex 190.6222809320784 86.52587844921018 70
      vertex 190.28558694730398 86.72768505739343 70
    endloop
  endfacet
  facet normal -0.049067674327424655 -0.9987954562051721 0
    outer loop
      vertex 188.4 87.2 2
      vertex 188.79206856131825 87.18073890668879 70
      vertex 188.4 87.2 70
    endloop
  endfacet
  facet normal -0.14673047445537296 -0.9891765099647793 0
    outer loop
      vertex 188.79206856131825 87.18073890668879 2
      vertex 189.18036128806452 87.12314112161292 70
      vertex 188.79206856131825 87.18073890668879 70
    endloop
  endfacet
  facet normal -0.24298017990324072 -0.9700312531945497 0
    outer loop
      vertex 189.18036128806452 87.12314112161292 2
      vertex 189.56113870901785 87.02776134292884 70
      vertex 189.18036128806452 87.12314112161292 70
    endloop
  endfacet
  facet normal -0.33688985339222566 -0.9415440651830188 0
    outer loop
      vertex 189.56113870901785 87.02776134292884 2
      vertex 189.93073372946037 86.89551813004515 70
      vertex 189.56113870901785 87.02776134292884 70
    endloop
  endfacet
  facet normal -0.4275550934302817 -0.9039892931234436 0
    outer loop
      vertex 189.93073372946037 86.89551813004515 2
      vertex 190.28558694730398 86.72768505739343 70
      vertex 189.93073372946037 86.89551813004515 70
    endloop
  endfacet
  facet normal -0.9415440651830304 -0.3368898533921936 0
    outer loop
      vertex 192.09551813004515 84.73073372946037 2
      vertex 192.22776134292883 84.36113870901785 70
      vertex 192.09551813004515 84.73073372946037 70
    endloop
  endfacet
  facet normal -0.8577286100002758 -0.5141027441932157 0
    outer loop
      vertex 191.7258784492102 85.42228093207841 2
      vertex 191.92768505739343 85.085586947304 70
      vertex 191.7258784492102 85.42228093207841 70
    endloop
  endfacet
  facet normal -0.9039892931234502 -0.4275550934302677 0
    outer loop
      vertex 191.92768505739343 85.085586947304 2
      vertex 192.09551813004515 84.73073372946037 70
      vertex 191.92768505739343 85.085586947304 70
    endloop
  endfacet
  facet normal -0.740951125354941 -0.6715589548470384 0
    outer loop
      vertex 191.2284271247462 86.02842712474619 2
      vertex 191.49204181345095 85.73757313665459 70
      vertex 191.2284271247462 86.02842712474619 70
    endloop
  endfacet
  facet normal -0.595699304492439 -0.8032075314806407 0
    outer loop
      vertex 190.6222809320784 86.52587844921018 2
      vertex 190.93757313665458 86.29204181345095 70
      vertex 190.6222809320784 86.52587844921018 70
    endloop
  endfacet
  facet normal -0.6715589548470204 -0.7409511253549572 0
    outer loop
      vertex 190.93757313665458 86.29204181345095 2
      vertex 191.2284271247462 86.02842712474619 70
      vertex 190.93757313665458 86.29204181345095 70
    endloop
  endfacet
  facet normal -0.8032075314806362 -0.595699304492445 0
    outer loop
      vertex 191.49204181345095 85.73757313665459 2
      vertex 191.7258784492102 85.42228093207841 70
      vertex 191.49204181345095 85.73757313665459 70
    endloop
  endfacet
  facet normal 0.9415440651830304 -0.3368898533921936 0
    outer loop
      vertex 194.9722386570712 84.36113870901785 2
      vertex 195.10448186995487 84.73073372946037 70
      vertex 194.9722386570712 84.36113870901785 70
    endloop
  endfacet
  facet normal 0.9039892931234502 -0.4275550934302677 0
    outer loop
      vertex 195.10448186995487 84.73073372946037 2
      vertex 195.27231494260658 85.085586947304 70
      vertex 195.10448186995487 84.73073372946037 70
    endloop
  endfacet
  facet normal 0.8577286100002758 -0.5141027441932157 0
    outer loop
      vertex 195.27231494260658 85.085586947304 2
      vertex 195.47412155078982 85.42228093207841 70
      vertex 195.27231494260658 85.085586947304 70
    endloop
  endfacet
  facet normal 0.8032075314806362 -0.595699304492445 0
    outer loop
      vertex 195.47412155078982 85.42228093207841 2
      vertex 195.70795818654906 85.73757313665459 70
      vertex 195.47412155078982 85.42228093207841 70
    endloop
  endfacet
  facet normal 0.740951125354941 -0.6715589548470384 0
    outer loop
      vertex 195.70795818654906 85.73757313665459 2
      vertex 195.97157287525383 86.02842712474619 70
      vertex 195.70795818654906 85.73757313665459 70
    endloop
  endfacet
  facet normal 0.6715589548470204 -0.7409511253549572 0
    outer loop
      vertex 195.97157287525383 86.02842712474619 2
      vertex 196.26242686334544 86.29204181345095 70
      vertex 195.97157287525383 86.02842712474619 70
    endloop
  endfacet
  facet normal 0.595699304492439 -0.8032075314806407 0
    outer loop
      vertex 196.26242686334544 86.29204181345095 2
      vertex 196.5777190679216 86.52587844921018 70
      vertex 196.26242686334544 86.29204181345095 70
    endloop
  endfacet
  facet normal 0.5141027441932263 -0.8577286100002692 0
    outer loop
      vertex 196.5777190679216 86.52587844921018 2
      vertex 196.91441305269603 86.72768505739343 70
      vertex 196.5777190679216 86.52587844921018 70
    endloop
  endfacet
  facet normal 0.4275550934302817 -0.9039892931234436 0
    outer loop
      vertex 196.91441305269603 86.72768505739343 2
      vertex 197.26926627053965 86.89551813004515 70
      vertex 196.91441305269603 86.72768505739343 70
    endloop
  endfacet
  facet normal 0.33688985339222566 -0.9415440651830188 0
    outer loop
      vertex 197.26926627053965 86.89551813004515 2
      vertex 197.63886129098216 87.02776134292884 70
      vertex 197.26926627053965 86.89551813004515 70
    endloop
  endfacet
  facet normal 0.24298017990324072 -0.9700312531945497 0
    outer loop
      vertex 197.63886129098216 87.02776134292884 2
      vertex 198.0196387119355 87.12314112161292 70
      vertex 197.63886129098216 87.02776134292884 70
    endloop
  endfacet
  facet normal 0.14673047445537296 -0.9891765099647793 0
    outer loop
      vertex 198.0196387119355 87.12314112161292 2
      vertex 198.40793143868177 87.18073890668879 70
      vertex 198.0196387119355 87.12314112161292 70
    endloop
  endfacet
  facet normal 0.049067674327424655 -0.9987954562051721 0
    outer loop
      vertex 198.40793143868177 87.18073890668879 2
      vertex 198.8 87.2 70
      vertex 198.40793143868177 87.18073890668879 70
    endloop
  endfacet
  facet normal 0 1 0
    outer loop
      vertex 223.60000000000002 89.6 2
      vertex 137.09167400393113 89.6 70
      vertex 223.60000000000002 89.6 70
    endloop
  endfacet
  facet normal 0 -1 0
    outer loop
      vertex 198.8 87.2 2
      vertex 223.60000000000002 87.2 70
      vertex 198.8 87.2 70
    endloop
  endfacet
  facet normal -0.9987954562051703 -0.04906767432746077 0
    outer loop
      vertex 227.5807389066888 83.59206856131824 2
      vertex 227.60000000000002 83.2 70
      vertex 227.5807389066888 83.59206856131824 70
    endloop
  endfacet
  facet normal -0.9891765099647793 -0.14673047445537296 0
    outer loop
      vertex 227.52314112161292 83.98036128806451 2
      vertex 227.5807389066888 83.59206856131824 70
      vertex 227.52314112161292 83.98036128806451 70
    endloop
  endfacet
  facet normal -0.9700312531945497 -0.24298017990324072 0
    outer loop
      vertex 227.42776134292885 84.36113870901785 2
      vertex 227.52314112161292 83.98036128806451 70
      vertex 227.42776134292885 84.36113870901785 70
    endloop
  endfacet
  facet normal -0.5141027441932263 -0.8577286100002692 0
    outer loop
      vertex 225.485586947304 86.72768505739343 2
      vertex 225.82228093207843 86.52587844921018 70
      vertex 225.485586947304 86.72768505739343 70
    endloop
  endfacet
  facet normal -0.595699304492439 -0.8032075314806407 0
    outer loop
      vertex 225.82228093207843 86.52587844921018 2
      vertex 226.1375731366546 86.29204181345095 70
      vertex 225.82228093207843 86.52587844921018 70
    endloop
  endfacet
  facet normal -0.6715589548470204 -0.7409511253549572 0
    outer loop
      vertex 226.1375731366546 86.29204181345095 2
      vertex 226.4284271247462 86.02842712474619 70
      vertex 226.1375731366546 86.29204181345095 70
    endloop
  endfacet
  facet normal -0.049067674327424655 -0.9987954562051721 0
    outer loop
      vertex 223.60000000000002 87.2 2
      vertex 223.99206856131826 87.18073890668879 70
      vertex 223.60000000000002 87.2 70
    endloop
  endfacet
  facet normal -0.14673047445537296 -0.9891765099647793 0
    outer loop
      vertex 223.99206856131826 87.18073890668879 2
      vertex 224.38036128806453 87.12314112161292 70
      vertex 223.99206856131826 87.18073890668879 70
    endloop
  endfacet
  facet normal -0.24298017990324072 -0.9700312531945497 0
    outer loop
      vertex 224.38036128806453 87.12314112161292 2
      vertex 224.76113870901787 87.02776134292884 70
      vertex 224.38036128806453 87.12314112161292 70
    endloop
  endfacet
  facet normal -0.3368898533922486 -0.9415440651830106 0
    outer loop
      vertex 224.76113870901787 87.02776134292884 2
      vertex 225.13073372946036 86.89551813004515 70
      vertex 224.76113870901787 87.02776134292884 70
    endloop
  endfacet
  facet normal -0.4275550934302537 -0.9039892931234568 0
    outer loop
      vertex 225.13073372946036 86.89551813004515 2
      vertex 225.485586947304 86.72768505739343 70
      vertex 225.13073372946036 86.89551813004515 70
    endloop
  endfacet
  facet normal -0.9039892931234502 -0.4275550934302677 0
    outer loop
      vertex 227.12768505739342 85.085586947304 2
      vertex 227.29551813004514 84.73073372946037 70
      vertex 227.12768505739342 85.085586947304 70
    endloop
  endfacet
  facet normal -0.8577286100002758 -0.5141027441932157 0
    outer loop
      vertex 226.9258784492102 85.42228093207841 2
      vertex 227.12768505739342 85.085586947304 70
      vertex 226.9258784492102 85.42228093207841 70
    endloop
  endfacet
  facet normal -0.9415440651830073 -0.33688985339225774 0
    outer loop
      vertex 227.29551813004514 84.73073372946037 2
      vertex 227.42776134292885 84.36113870901785 70
      vertex 227.29551813004514 84.73073372946037 70
    endloop
  endfacet
  facet normal -0.8032075314806362 -0.595699304492445 0
    outer loop
      vertex 226.69204181345094 85.73757313665459 2
      vertex 226.9258784492102 85.42228093207841 70
      vertex 226.69204181345094 85.73757313665459 70
    endloop
  endfacet
  facet normal -0.740951125354977 -0.6715589548469987 0
    outer loop
      vertex 226.4284271247462 86.02842712474619 2
      vertex 226.69204181345094 85.73757313665459 70
      vertex 226.4284271247462 86.02842712474619 70
    endloop
  endfacet
  facet normal -0.049067674327424655 0.9987954562051721 0
    outer loop
      vertex 223.99206856131826 89.61926109331121 2
      vertex 223.60000000000002 89.6 70
      vertex 223.99206856131826 89.61926109331121 70
    endloop
  endfacet
  facet normal -0.14673047445533755 0.9891765099647846 0
    outer loop
      vertex 224.38036128806453 89.67685887838707 2
      vertex 223.99206856131826 89.61926109331121 70
      vertex 224.38036128806453 89.67685887838707 70
    endloop
  endfacet
  facet normal -0.24298017990327478 0.9700312531945413 0
    outer loop
      vertex 224.76113870901787 89.77223865707116 2
      vertex 224.38036128806453 89.67685887838707 70
      vertex 224.76113870901787 89.77223865707116 70
    endloop
  endfacet
  facet normal -0.3368898533922486 0.9415440651830106 0
    outer loop
      vertex 225.13073372946036 89.90448186995485 2
      vertex 224.76113870901787 89.77223865707116 70
      vertex 225.13073372946036 89.90448186995485 70
    endloop
  endfacet
  facet normal -0.4275550934302537 0.9039892931234568 0
    outer loop
      vertex 225.485586947304 90.07231494260657 2
      vertex 225.13073372946036 89.90448186995485 70
      vertex 225.485586947304 90.07231494260657 70
    endloop
  endfacet
  facet normal -0.5141027441932583 0.8577286100002502 0
    outer loop
      vertex 225.8222809320784 90.27412155078981 2
      vertex 225.485586947304 90.07231494260657 70
      vertex 225.8222809320784 90.27412155078981 70
    endloop
  endfacet
  facet normal -0.595699304492439 0.8032075314806407 0
    outer loop
      vertex 226.13757313665457 90.50795818654905 2
      vertex 225.8222809320784 90.27412155078981 70
      vertex 226.13757313665457 90.50795818654905 70
    endloop
  endfacet
  facet normal -0.6715589548470204 0.7409511253549572 0
    outer loop
      vertex 226.42842712474618 90.77157287525381 2
      vertex 226.13757313665457 90.50795818654905 70
      vertex 226.42842712474618 90.77157287525381 70
    endloop
  endfacet
  facet normal -0.740951125354941 0.6715589548470384 0
    outer loop
      vertex 226.69204181345094 91.06242686334541 2
      vertex 226.42842712474618 90.77157287525381 70
      vertex 226.69204181345094 91.06242686334541 70
    endloop
  endfacet
  facet normal -0.8032075314806362 0.595699304492445 0
    outer loop
      vertex 226.9258784492102 91.37771906792159 2
      vertex 226.69204181345094 91.06242686334541 70
      vertex 226.9258784492102 91.37771906792159 70
    endloop
  endfacet
  facet normal -0.8577286100002758 0.5141027441932157 0
    outer loop
      vertex 227.12768505739342 91.714413052696 2
      vertex 226.9258784492102 91.37771906792159 70
      vertex 227.12768505739342 91.714413052696 70
    endloop
  endfacet
  facet normal -0.9039892931234502 0.4275550934302677 0
    outer loop
      vertex 227.29551813004514 92.06926627053963 2
      vertex 227.12768505739342 91.714413052696 70
      vertex 227.29551813004514 92.06926627053963 70
    endloop
  endfacet
  facet normal -0.9415440651830304 0.3368898533921936 0
    outer loop
      vertex 227.42776134292882 92.43886129098215 2
      vertex 227.29551813004514 92.06926627053963 70
      vertex 227.42776134292882 92.43886129098215 70
    endloop
  endfacet
  facet normal -0.9700312531945328 0.24298017990330886 0
    outer loop
      vertex 227.52314112161292 92.81963871193548 2
      vertex 227.42776134292882 92.43886129098215 70
      vertex 227.52314112161292 92.81963871193548 70
    endloop
  endfacet
  facet normal -0.9891765099647793 0.14673047445537296 0
    outer loop
      vertex 227.5807389066888 93.20793143868175 2
      vertex 227.52314112161292 92.81963871193548 70
      vertex 227.5807389066888 93.20793143868175 70
    endloop
  endfacet
  facet normal -0.9987954562051703 0.04906767432746077 0
    outer loop
      vertex 227.60000000000002 93.6 2
      vertex 227.5807389066888 93.20793143868175 70
      vertex 227.60000000000002 93.6 70
    endloop
  endfacet
  facet normal 1 0 0
    outer loop
      vertex 230 8 70
      vertex 230 142 0
      vertex 230 142 70
    endloop
  endfacet
  facet normal 0 0 1
    outer loop
      vertex 137.09167400393113 89.6 70
      vertex 188.4 87.2 70
      vertex 197.26926627053965 86.89551813004515 70
    endloop
  endfacet
  facet normal 0 0 1
    outer loop
      vertex 137.09167400393113 89.6 70
      vertex 197.26926627053965 86.89551813004515 70
      vertex 197.63886129098216 87.02776134292884 70
    endloop
  endfacet
  facet normal 0 0 1
    outer loop
      vertex 137.09167400393113 89.6 70
      vertex 197.63886129098216 87.02776134292884 70
      vertex 198.0196387119355 87.12314112161292 70
    endloop
  endfacet
  facet normal 0 0 1
    outer loop
      vertex 137.09167400393113 89.6 70
      vertex 198.0196387119355 87.12314112161292 70
      vertex 198.40793143868177 87.18073890668879 70
    endloop
  endfacet
  facet normal 0 0 1
    outer loop
      vertex 137.09167400393113 89.6 70
      vertex 198.40793143868177 87.18073890668879 70
      vertex 198.8 87.2 70
    endloop
  endfacet
  facet normal 0 0 1
    outer loop
      vertex 137.09167400393113 89.6 70
      vertex 198.8 87.2 70
      vertex 223.60000000000002 89.6 70
    endloop
  endfacet
  facet normal 0 0 1
    outer loop
      vertex 192.3807389066888 83.59206856131824 70
      vertex 192.4 83.2 70
      vertex 194.8192610933112 83.59206856131824 70
    endloop
  endfacet
  facet normal 0 0 1
    outer loop
      vertex 192.4 83.2 70
      vertex 194.8 83.2 70
      vertex 194.8192610933112 83.59206856131824 70
    endloop
  endfacet
  facet normal 0 0 1
    outer loop
      vertex 194.87685887838708 83.98036128806451 70
      vertex 192.3807389066888 83.59206856131824 70
      vertex 194.8192610933112 83.59206856131824 70
    endloop
  endfacet
  facet normal 0 0 1
    outer loop
      vertex 192.32314112161293 83.98036128806451 70
      vertex 192.3807389066888 83.59206856131824 70
      vertex 194.87685887838708 83.98036128806451 70
    endloop
  endfacet
  facet normal 0 0 1
    outer loop
      vertex 192.32314112161293 83.98036128806451 70
      vertex 194.9722386570712 84.36113870901785 70
      vertex 192.22776134292883 84.36113870901785 70
    endloop
  endfacet
  facet normal 0 0 1
    outer loop
      vertex 192.32314112161293 83.98036128806451 70
      vertex 194.87685887838708 83.98036128806451 70
      vertex 194.9722386570712 84.36113870901785 70
    endloop
  endfacet
  facet normal 0 0 1
    outer loop
      vertex 192.22776134292883 84.36113870901785 70
      vertex 195.10448186995487 84.73073372946037 70
      vertex 192.09551813004515 84.73073372946037 70
    endloop
  endfacet
  facet normal 0 0 1
    outer loop
      vertex 191.92768505739343 85.085586947304 70
      vertex 192.09551813004515 84.73073372946037 70
      vertex 195.27231494260658 85.085586947304 70
    endloop
  endfacet
  facet normal 0 0 1
    outer loop
      vertex 191.92768505739343 85.085586947304 70
      vertex 195.47412155078982 85.42228093207841 70
      vertex 191.7258784492102 85.42228093207841 70
    endloop
  endfacet
  facet normal 0 0 1
    outer loop
      vertex 191.49204181345095 85.73757313665459 70
      vertex 191.7258784492102 85.42228093207841 70
      vertex 195.70795818654906 85.73757313665459 70
    endloop
  endfacet
  facet normal 0 0 1
    outer loop
      vertex 191.2284271247462 86.02842712474619 70
      vertex 191.49204181345095 85.73757313665459 70
      vertex 195.97157287525383 86.02842712474619 70
    endloop
  endfacet
  facet normal 0 0 1
    outer loop
      vertex 190.93757313665458 86.29204181345095 70
      vertex 196.5777190679216 86.52587844921018 70
      vertex 190.6222809320784 86.52587844921018 70
    endloop
  endfacet
  facet normal 0 0 1
    outer loop
      vertex 190.28558694730398 86.72768505739343 70
      vertex 190.6222809320784 86.52587844921018 70
      vertex 196.91441305269603 86.72768505739343 70
    endloop
  endfacet
  facet normal 0 0 1
    outer loop
      vertex 191.2284271247462 86.02842712474619 70
      vertex 196.26242686334544 86.29204181345095 70
      vertex 190.93757313665458 86.29204181345095 70
    endloop
  endfacet
  facet normal 0 0 1
    outer loop
      vertex 188.4 87.2 70
      vertex 188.79206856131825 87.18073890668879 70
      vertex 197.26926627053965 86.89551813004515 70
    endloop
  endfacet
  facet normal 0 0 1
    outer loop
      vertex 189.18036128806452 87.12314112161292 70
      vertex 197.26926627053965 86.89551813004515 70
      vertex 188.79206856131825 87.18073890668879 70
    endloop
  endfacet
  facet normal 0 0 1
    outer loop
      vertex 189.93073372946037 86.89551813004515 70
      vertex 197.26926627053965 86.89551813004515 70
      vertex 189.56113870901785 87.02776134292884 70
    endloop
  endfacet
  facet normal 0 0 1
    outer loop
      vertex 189.18036128806452 87.12314112161292 70
      vertex 189.56113870901785 87.02776134292884 70
      vertex 197.26926627053965 86.89551813004515 70
    endloop
  endfacet
  facet normal 0 0 1
    outer loop
      vertex 189.93073372946037 86.89551813004515 70
      vertex 190.28558694730398 86.72768505739343 70
      vertex 197.26926627053965 86.89551813004515 70
    endloop
  endfacet
  facet normal 0 0 1
    outer loop
      vertex 192.22776134292883 84.36113870901785 70
      vertex 194.9722386570712 84.36113870901785 70
      vertex 195.10448186995487 84.73073372946037 70
    endloop
  endfacet
  facet normal 0 0 1
    outer loop
      vertex 195.10448186995487 84.73073372946037 70
      vertex 195.27231494260658 85.085586947304 70
      vertex 192.09551813004515 84.73073372946037 70
    endloop
  endfacet
  facet normal 0 0 1
    outer loop
      vertex 191.92768505739343 85.085586947304 70
      vertex 195.27231494260658 85.085586947304 70
      vertex 195.47412155078982 85.42228093207841 70
    endloop
  endfacet
  facet normal 0 0 1
    outer loop
      vertex 195.70795818654906 85.73757313665459 70
      vertex 191.7258784492102 85.42228093207841 70
      vertex 195.47412155078982 85.42228093207841 70
    endloop
  endfacet
  facet normal 0 0 1
    outer loop
      vertex 191.49204181345095 85.73757313665459 70
      vertex 195.70795818654906 85.73757313665459 70
      vertex 195.97157287525383 86.02842712474619 70
    endloop
  endfacet
  facet normal 0 0 1
    outer loop
      vertex 191.2284271247462 86.02842712474619 70
      vertex 195.97157287525383 86.02842712474619 70
      vertex 196.26242686334544 86.29204181345095 70
    endloop
  endfacet
  facet normal 0 0 1
    outer loop
      vertex 190.93757313665458 86.29204181345095 70
      vertex 196.26242686334544 86.29204181345095 70
      vertex 196.5777190679216 86.52587844921018 70
    endloop
  endfacet
  facet normal 0 0 1
    outer loop
      vertex 196.91441305269603 86.72768505739343 70
      vertex 190.6222809320784 86.52587844921018 70
      vertex 196.5777190679216 86.52587844921018 70
    endloop
  endfacet
  facet normal 0 0 1
    outer loop
      vertex 190.28558694730398 86.72768505739343 70
      vertex 196.91441305269603 86.72768505739343 70
      vertex 197.26926627053965 86.89551813004515 70
    endloop
  endfacet
  facet normal 0 0 1
    outer loop
      vertex 223.60000000000002 87.2 70
      vertex 223.60000000000002 89.6 70
      vertex 198.8 87.2 70
    endloop
  endfacet
  facet normal 0 0 1
    outer loop
      vertex 230 8 70
      vertex 230 142 70
      vertex 227.60000000000002 93.6 70
    endloop
  endfacet
  facet normal 0 0 1
    outer loop
      vertex 223.99206856131826 87.18073890668879 70
      vertex 223.60000000000002 89.6 70
      vertex 223.60000000000002 87.2 70
    endloop
  endfacet
  facet normal 0 0 1
    outer loop
      vertex 224.38036128806453 87.12314112161292 70
      vertex 223.99206856131826 89.61926109331121 70
      vertex 223.99206856131826 87.18073890668879 70
    endloop
  endfacet
  facet normal 0 0 1
    outer loop
      vertex 224.38036128806453 87.12314112161292 70
      vertex 224.76113870901787 87.02776134292884 70
      vertex 224.38036128806453 89.67685887838707 70
    endloop
  endfacet
  facet normal 0 0 1
    outer loop
      vertex 223.99206856131826 87.18073890668879 70
      vertex 223.99206856131826 89.61926109331121 70
      vertex 223.60000000000002 89.6 70
    endloop
  endfacet
  facet normal 0 0 1
    outer loop
      vertex 224.38036128806453 87.12314112161292 70
      vertex 224.38036128806453 89.67685887838707 70
      vertex 223.99206856131826 89.61926109331121 70
    endloop
  endfacet
  facet normal 0 0 1
    outer loop
      vertex 225.485586947304 86.72768505739343 70
      vertex 225.13073372946036 89.90448186995485 70
      vertex 225.13073372946036 86.89551813004515 70
    endloop
  endfacet
  facet normal 0 0 1
    outer loop
      vertex 225.485586947304 86.72768505739343 70
      vertex 225.82228093207843 86.52587844921018 70
      vertex 225.485586947304 90.07231494260657 70
    endloop
  endfacet
  facet normal 0 0 1
    outer loop
      vertex 226.1375731366546 86.29204181345095 70
      vertex 225.8222809320784 90.27412155078981 70
      vertex 225.82228093207843 86.52587844921018 70
    endloop
  endfacet
  facet normal 0 0 1
    outer loop
      vertex 226.4284271247462 86.02842712474619 70
      vertex 226.13757313665457 90.50795818654905 70
      vertex 226.1375731366546 86.29204181345095 70
    endloop
  endfacet
  facet normal 0 0 1
    outer loop
      vertex 225.13073372946036 86.89551813004515 70
      vertex 224.76113870901787 89.77223865707116 70
      vertex 224.76113870901787 87.02776134292884 70
    endloop
  endfacet
  facet normal 0 0 1
    outer loop
      vertex 224.76113870901787 89.77223865707116 70
      vertex 224.38036128806453 89.67685887838707 70
      vertex 224.76113870901787 87.02776134292884 70
    endloop
  endfacet
  facet normal 0 0 1
    outer loop
      vertex 225.13073372946036 86.89551813004515 70
      vertex 225.13073372946036 89.90448186995485 70
      vertex 224.76113870901787 89.77223865707116 70
    endloop
  endfacet
  facet normal 0 0 1
    outer loop
      vertex 225.485586947304 86.72768505739343 70
      vertex 225.485586947304 90.07231494260657 70
      vertex 225.13073372946036 89.90448186995485 70
    endloop
  endfacet
  facet normal 0 0 1
    outer loop
      vertex 225.8222809320784 90.27412155078981 70
      vertex 225.485586947304 90.07231494260657 70
      vertex 225.82228093207843 86.52587844921018 70
    endloop
  endfacet
  facet normal 0 0 1
    outer loop
      vertex 226.13757313665457 90.50795818654905 70
      vertex 225.8222809320784 90.27412155078981 70
      vertex 226.1375731366546 86.29204181345095 70
    endloop
  endfacet
  facet normal 0 0 1
    outer loop
      vertex 227.60000000000002 83.2 70
      vertex 227.42776134292882 92.43886129098215 70
      vertex 227.5807389066888 83.59206856131824 70
    endloop
  endfacet
  facet normal 0 0 1
    outer loop
      vertex 227.52314112161292 83.98036128806451 70
      vertex 227.5807389066888 83.59206856131824 70
      vertex 227.42776134292882 92.43886129098215 70
    endloop
  endfacet
  facet normal 0 0 1
    outer loop
      vertex 226.9258784492102 85.42228093207841 70
      vertex 227.12768505739342 85.085586947304 70
      vertex 226.9258784492102 91.37771906792159 70
    endloop
  endfacet
  facet normal 0 0 1
    outer loop
      vertex 227.29551813004514 84.73073372946037 70
      vertex 227.12768505739342 91.714413052696 70
      vertex 227.12768505739342 85.085586947304 70
    endloop
  endfacet
  facet normal 0 0 1
    outer loop
      vertex 226.4284271247462 86.02842712474619 70
      vertex 226.69204181345094 85.73757313665459 70
      vertex 226.42842712474618 90.77157287525381 70
    endloop
  endfacet
  facet normal 0 0 1
    outer loop
      vertex 226.9258784492102 85.42228093207841 70
      vertex 226.69204181345094 91.06242686334541 70
      vertex 226.69204181345094 85.73757313665459 70
    endloop
  endfacet
  facet normal 0 0 1
    outer loop
      vertex 227.42776134292885 84.36113870901785 70
      vertex 227.52314112161292 83.98036128806451 70
      vertex 227.42776134292882 92.43886129098215 70
    endloop
  endfacet
  facet normal 0 0 1
    outer loop
      vertex 227.29551813004514 84.73073372946037 70
      vertex 227.42776134292885 84.36113870901785 70
      vertex 227.29551813004514 92.06926627053963 70
    endloop
  endfacet
  facet normal 0 0 1
    outer loop
      vertex 226.4284271247462 86.02842712474619 70
      vertex 226.42842712474618 90.77157287525381 70
      vertex 226.13757313665457 90.50795818654905 70
    endloop
  endfacet
  facet normal 0 0 1
    outer loop
      vertex 226.69204181345094 91.06242686334541 70
      vertex 226.42842712474618 90.77157287525381 70
      vertex 226.69204181345094 85.73757313665459 70
    endloop
  endfacet
  facet normal 0 0 1
    outer loop
      vertex 226.9258784492102 85.42228093207841 70
      vertex 226.9258784492102 91.37771906792159 70
      vertex 226.69204181345094 91.06242686334541 70
    endloop
  endfacet
  facet normal 0 0 1
    outer loop
      vertex 227.12768505739342 91.714413052696 70
      vertex 226.9258784492102 91.37771906792159 70
      vertex 227.12768505739342 85.085586947304 70
    endloop
  endfacet
  facet normal 0 0 1
    outer loop
      vertex 227.29551813004514 84.73073372946037 70
      vertex 227.29551813004514 92.06926627053963 70
      vertex 227.12768505739342 91.714413052696 70
    endloop
  endfacet
  facet normal 0 0 1
    outer loop
      vertex 227.42776134292885 84.36113870901785 70
      vertex 227.42776134292882 92.43886129098215 70
      vertex 227.29551813004514 92.06926627053963 70
    endloop
  endfacet
  facet normal -1 0 0
    outer loop
      vertex 227.60000000000002 143.6 2
      vertex 227.60000000000002 93.6 70
      vertex 227.60000000000002 143.6 70
    endloop
  endfacet
  facet normal 0.04906767432742466 0.9987954562051721 0
    outer loop
      vertex 222.78413712263648 149.96147781337757 0
      vertex 222 150 70
      vertex 222.78413712263648 149.96147781337757 70
    endloop
  endfacet
  facet normal 0.9987954562051721 0.04906767432742466 0
    outer loop
      vertex 230 142 0
      vertex 229.96147781337757 142.78413712263648 70
      vertex 230 142 70
    endloop
  endfacet
  facet normal 0.9891765099647845 0.14673047445533755 0
    outer loop
      vertex 229.84628224322586 143.56072257612902 0
      vertex 229.84628224322586 143.56072257612902 70
      vertex 229.96147781337757 142.78413712263648 70
    endloop
  endfacet
  facet normal 0.9700312531945413 0.24298017990327478 0
    outer loop
      vertex 229.65552268585768 144.3222774180357 0
      vertex 229.65552268585768 144.3222774180357 70
      vertex 229.84628224322586 143.56072257612902 70
    endloop
  endfacet
  facet normal 0.9415440651830188 0.3368898533922256 0
    outer loop
      vertex 229.3910362600903 145.06146745892073 0
      vertex 229.3910362600903 145.06146745892073 70
      vertex 229.65552268585768 144.3222774180357 70
    endloop
  endfacet
  facet normal -0.9987954562051703 -0.04906767432746077 0
    outer loop
      vertex 227.5807389066888 143.99206856131823 2
      vertex 227.60000000000002 143.6 70
      vertex 227.5807389066888 143.99206856131823 70
    endloop
  endfacet
  facet normal -0.9891765099647793 -0.14673047445537296 0
    outer loop
      vertex 227.52314112161292 144.3803612880645 2
      vertex 227.5807389066888 143.99206856131823 70
      vertex 227.52314112161292 144.3803612880645 70
    endloop
  endfacet
  facet normal -0.9700312531945328 -0.24298017990330886 0
    outer loop
      vertex 227.42776134292882 144.76113870901784 2
      vertex 227.52314112161292 144.3803612880645 70
      vertex 227.42776134292882 144.76113870901784 70
    endloop
  endfacet
  facet normal -0.9415440651830304 -0.3368898533921936 0
    outer loop
      vertex 227.29551813004514 145.13073372946036 2
      vertex 227.42776134292882 144.76113870901784 70
      vertex 227.29551813004514 145.13073372946036 70
    endloop
  endfacet
  facet normal -0.049067674327388545 -0.998795456205174 0
    outer loop
      vertex 223.60000000000002 147.6 2
      vertex 223.99206856131826 147.5807389066888 70
      vertex 223.60000000000002 147.6 70
    endloop
  endfacet
  facet normal -0.14673047445537296 -0.9891765099647793 0
    outer loop
      vertex 223.99206856131826 147.5807389066888 2
      vertex 224.38036128806453 147.52314112161292 70
      vertex 223.99206856131826 147.5807389066888 70
    endloop
  endfacet
  facet normal -0.24298017990330886 -0.9700312531945328 0
    outer loop
      vertex 224.38036128806453 147.52314112161292 2
      vertex 224.76113870901787 147.42776134292882 70
      vertex 224.38036128806453 147.52314112161292 70
    endloop
  endfacet
  facet normal -0.3368898533922165 -0.941544065183022 0
    outer loop
      vertex 224.76113870901787 147.42776134292882 2
      vertex 225.13073372946036 147.29551813004514 70
      vertex 224.76113870901787 147.42776134292882 70
    endloop
  endfacet
  facet normal -0.4275550934302537 -0.9039892931234568 0
    outer loop
      vertex 225.13073372946036 147.29551813004514 2
      vertex 225.485586947304 147.12768505739342 70
      vertex 225.13073372946036 147.29551813004514 70
    endloop
  endfacet
  facet normal -0.5141027441932317 -0.8577286100002661 0
    outer loop
      vertex 225.485586947304 147.12768505739342 2
      vertex 225.8222809320784 146.9258784492102 70
      vertex 225.485586947304 147.12768505739342 70
    endloop
  endfacet
  facet normal -0.5956993044924624 -0.8032075314806234 0
    outer loop
      vertex 225.8222809320784 146.9258784492102 2
      vertex 226.13757313665457 146.69204181345094 70
      vertex 225.8222809320784 146.9258784492102 70
    endloop
  endfacet
  facet normal -0.6715589548470204 -0.7409511253549572 0
    outer loop
      vertex 226.13757313665457 146.69204181345094 2
      vertex 226.42842712474618 146.42842712474618 70
      vertex 226.13757313665457 146.69204181345094 70
    endloop
  endfacet
  facet normal 0.14673047445533755 0.9891765099647845 0
    outer loop
      vertex 222.78413712263648 149.96147781337757 0
      vertex 222.78413712263648 149.96147781337757 70
      vertex 223.56072257612902 149.84628224322586 70
    endloop
  endfacet
  facet normal 0.24298017990327478 0.9700312531945413 0
    outer loop
      vertex 223.56072257612902 149.84628224322586 0
      vertex 223.56072257612902 149.84628224322586 70
      vertex 224.3222774180357 149.65552268585768 70
    endloop
  endfacet
  facet normal 0.3368898533922256 0.9415440651830188 0
    outer loop
      vertex 225.06146745892073 149.3910362600903 0
      vertex 224.3222774180357 149.65552268585768 70
      vertex 225.06146745892073 149.3910362600903 70
    endloop
  endfacet
  facet normal 0.42755509343026765 0.9039892931234501 0
    outer loop
      vertex 225.77117389460798 149.05537011478685 0
      vertex 225.06146745892073 149.3910362600903 70
      vertex 225.77117389460798 149.05537011478685 70
    endloop
  endfacet
  facet normal 0.5141027441932423 0.8577286100002598 0
    outer loop
      vertex 225.77117389460798 149.05537011478685 0
      vertex 225.77117389460798 149.05537011478685 70
      vertex 226.4445618641568 148.65175689842036 70
    endloop
  endfacet
  facet normal 0.7409511253549409 0.6715589548470384 0
    outer loop
      vertex 228.1840836269019 147.07514627330917 0
      vertex 227.65685424949237 147.65685424949237 70
      vertex 228.1840836269019 147.07514627330917 70
    endloop
  endfacet
  facet normal 0.8577286100002598 0.5141027441932423 0
    outer loop
      vertex 229.05537011478685 145.77117389460798 0
      vertex 228.65175689842036 146.4445618641568 70
      vertex 229.05537011478685 145.77117389460798 70
    endloop
  endfacet
  facet normal 0.9039892931234501 0.42755509343026765 0
    outer loop
      vertex 229.05537011478685 145.77117389460798 0
      vertex 229.05537011478685 145.77117389460798 70
      vertex 229.3910362600903 145.06146745892073 70
    endloop
  endfacet
  facet normal 0.8032075314806536 0.5956993044924218 0
    outer loop
      vertex 228.1840836269019 147.07514627330917 0
      vertex 228.1840836269019 147.07514627330917 70
      vertex 228.65175689842036 146.4445618641568 70
    endloop
  endfacet
  facet normal -0.9039892931234568 -0.4275550934302537 0
    outer loop
      vertex 227.12768505739342 145.485586947304 2
      vertex 227.29551813004514 145.13073372946036 70
      vertex 227.12768505739342 145.485586947304 70
    endloop
  endfacet
  facet normal -0.8577286100002661 -0.5141027441932317 0
    outer loop
      vertex 226.9258784492102 145.8222809320784 2
      vertex 227.12768505739342 145.485586947304 70
      vertex 226.9258784492102 145.8222809320784 70
    endloop
  endfacet
  facet normal -0.8032075314806234 -0.5956993044924624 0
    outer loop
      vertex 226.69204181345094 146.13757313665457 2
      vertex 226.9258784492102 145.8222809320784 70
      vertex 226.69204181345094 146.13757313665457 70
    endloop
  endfacet
  facet normal -0.7409511253549572 -0.6715589548470204 0
    outer loop
      vertex 226.42842712474618 146.42842712474618 2
      vertex 226.69204181345094 146.13757313665457 70
      vertex 226.42842712474618 146.42842712474618 70
    endloop
  endfacet
  facet normal 0.6715589548470384 0.7409511253549409 0
    outer loop
      vertex 227.07514627330917 148.1840836269019 0
      vertex 227.07514627330917 148.1840836269019 70
      vertex 227.65685424949237 147.65685424949237 70
    endloop
  endfacet
  facet normal 0.5956993044924218 0.8032075314806536 0
    outer loop
      vertex 227.07514627330917 148.1840836269019 0
      vertex 226.4445618641568 148.65175689842036 70
      vertex 227.07514627330917 148.1840836269019 70
    endloop
  endfacet
  facet normal 0 0 1
    outer loop
      vertex 230 142 70
      vertex 227.60000000000002 143.6 70
      vertex 227.60000000000002 93.6 70
    endloop
  endfacet
  facet normal 0 0 1
    outer loop
      vertex 222 150 70
      vertex 223.56072257612902 149.84628224322586 70
      vertex 222.78413712263648 149.96147781337757 70
    endloop
  endfacet
  facet normal 0 0 1
    outer loop
      vertex 230 142 70
      vertex 229.96147781337757 142.78413712263648 70
      vertex 229.84628224322586 143.56072257612902 70
    endloop
  endfacet
  facet normal 0 0 1
    outer loop
      vertex 230 142 70
      vertex 227.12768505739342 145.485586947304 70
      vertex 227.29551813004514 145.13073372946036 70
    endloop
  endfacet
  facet normal 0 0 1
    outer loop
      vertex 230 142 70
      vertex 226.9258784492102 145.8222809320784 70
      vertex 227.12768505739342 145.485586947304 70
    endloop
  endfacet
  facet normal 0 0 1
    outer loop
      vertex 230 142 70
      vertex 227.5807389066888 143.99206856131823 70
      vertex 227.60000000000002 143.6 70
    endloop
  endfacet
  facet normal 0 0 1
    outer loop
      vertex 230 142 70
      vertex 227.52314112161292 144.3803612880645 70
      vertex 227.5807389066888 143.99206856131823 70
    endloop
  endfacet
  facet normal 0 0 1
    outer loop
      vertex 230 142 70
      vertex 227.42776134292882 144.76113870901784 70
      vertex 227.52314112161292 144.3803612880645 70
    endloop
  endfacet
  facet normal 0 0 1
    outer loop
      vertex 230 142 70
      vertex 227.29551813004514 145.13073372946036 70
      vertex 227.42776134292882 144.76113870901784 70
    endloop
  endfacet
  facet normal 0 0 1
    outer loop
      vertex 230 142 70
      vertex 229.84628224322586 143.56072257612902 70
      vertex 226.4445618641568 148.65175689842036 70
    endloop
  endfacet
  facet normal 0 0 1
    outer loop
      vertex 229.84628224322586 143.56072257612902 70
      vertex 229.65552268585768 144.3222774180357 70
      vertex 229.3910362600903 145.06146745892073 70
    endloop
  endfacet
  facet normal 0 0 1
    outer loop
      vertex 229.84628224322586 143.56072257612902 70
      vertex 229.3910362600903 145.06146745892073 70
      vertex 228.65175689842036 146.4445618641568 70
    endloop
  endfacet
  facet normal 0 0 1
    outer loop
      vertex 226.4445618641568 148.65175689842036 70
      vertex 225.485586947304 147.12768505739342 70
      vertex 225.8222809320784 146.9258784492102 70
    endloop
  endfacet
  facet normal 0 0 1
    outer loop
      vertex 226.4445618641568 148.65175689842036 70
      vertex 226.13757313665457 146.69204181345094 70
      vertex 226.42842712474618 146.42842712474618 70
    endloop
  endfacet
  facet normal 0 0 1
    outer loop
      vertex 226.4445618641568 148.65175689842036 70
      vertex 225.8222809320784 146.9258784492102 70
      vertex 226.13757313665457 146.69204181345094 70
    endloop
  endfacet
  facet normal 0 0 1
    outer loop
      vertex 222 150 70
      vertex 224.3222774180357 149.65552268585768 70
      vertex 223.56072257612902 149.84628224322586 70
    endloop
  endfacet
  facet normal 0 0 1
    outer loop
      vertex 222 150 70
      vertex 226.4445618641568 148.65175689842036 70
      vertex 224.3222774180357 149.65552268585768 70
    endloop
  endfacet
  facet normal 0 0 1
    outer loop
      vertex 226.4445618641568 148.65175689842036 70
      vertex 223.60000000000002 147.6 70
      vertex 223.99206856131826 147.5807389066888 70
    endloop
  endfacet
  facet normal 0 0 1
    outer loop
      vertex 226.4445618641568 148.65175689842036 70
      vertex 223.99206856131826 147.5807389066888 70
      vertex 224.38036128806453 147.52314112161292 70
    endloop
  endfacet
  facet normal 0 0 1
    outer loop
      vertex 226.4445618641568 148.65175689842036 70
      vertex 224.38036128806453 147.52314112161292 70
      vertex 224.76113870901787 147.42776134292882 70
    endloop
  endfacet
  facet normal 0 0 1
    outer loop
      vertex 226.4445618641568 148.65175689842036 70
      vertex 224.76113870901787 147.42776134292882 70
      vertex 225.13073372946036 147.29551813004514 70
    endloop
  endfacet
  facet normal 0 0 1
    outer loop
      vertex 226.4445618641568 148.65175689842036 70
      vertex 225.13073372946036 147.29551813004514 70
      vertex 225.485586947304 147.12768505739342 70
    endloop
  endfacet
  facet normal 0 0 1
    outer loop
      vertex 224.3222774180357 149.65552268585768 70
      vertex 226.4445618641568 148.65175689842036 70
      vertex 225.06146745892073 149.3910362600903 70
    endloop
  endfacet
  facet normal 0 0 1
    outer loop
      vertex 225.06146745892073 149.3910362600903 70
      vertex 226.4445618641568 148.65175689842036 70
      vertex 225.77117389460798 149.05537011478685 70
    endloop
  endfacet
  facet normal 0 0 1
    outer loop
      vertex 230 142 70
      vertex 226.4445618641568 148.65175689842036 70
      vertex 226.9258784492102 145.8222809320784 70
    endloop
  endfacet
  facet normal 0 0 1
    outer loop
      vertex 226.4445618641568 148.65175689842036 70
      vertex 226.69204181345094 146.13757313665457 70
      vertex 226.9258784492102 145.8222809320784 70
    endloop
  endfacet
  facet normal 0 0 1
    outer loop
      vertex 226.4445618641568 148.65175689842036 70
      vertex 226.42842712474618 146.42842712474618 70
      vertex 226.69204181345094 146.13757313665457 70
    endloop
  endfacet
  facet normal 0 0 1
    outer loop
      vertex 228.1840836269019 147.07514627330917 70
      vertex 227.65685424949237 147.65685424949237 70
      vertex 228.65175689842036 146.4445618641568 70
    endloop
  endfacet
  facet normal 0 0 1
    outer loop
      vertex 228.65175689842036 146.4445618641568 70
      vertex 227.65685424949237 147.65685424949237 70
      vertex 227.07514627330917 148.1840836269019 70
    endloop
  endfacet
  facet normal 0 0 1
    outer loop
      vertex 229.3910362600903 145.06146745892073 70
      vertex 229.05537011478685 145.77117389460798 70
      vertex 228.65175689842036 146.4445618641568 70
    endloop
  endfacet
  facet normal 0 0 1
    outer loop
      vertex 229.84628224322586 143.56072257612902 70
      vertex 228.65175689842036 146.4445618641568 70
      vertex 226.4445618641568 148.65175689842036 70
    endloop
  endfacet
  facet normal 0 0 1
    outer loop
      vertex 228.65175689842036 146.4445618641568 70
      vertex 227.07514627330917 148.1840836269019 70
      vertex 226.4445618641568 148.65175689842036 70
    endloop
  endfacet
endsolid OpenSCAD_Model
